player_id,name,current_club_name,date_of_birth,position,sub_position,foot,height_in_cm,international_caps,market_value_in_eur,appearances,goals,assists,minutes,yellow_cards,red_cards
132,Tomas Rosicky,Arsenal FC,1980-10-04,Midfield,Attacking Midfield,both,179.0,,350000.0,0.0,0.0,0.0,0.0,0.0,0.0
488,Gerhard Tremmel,Swansea City,1978-11-16,Goalkeeper,Goalkeeper,,,,250000.0,0.0,0.0,0.0,0.0,0.0,0.0
1397,Michael Owen,Stoke City,1979-12-14,Attack,Centre-Forward,both,173.0,,1000000.0,0.0,0.0,0.0,0.0,0.0,0.0
1573,Thomas Hitzlsperger,Everton FC,1982-04-05,Midfield,Central Midfield,,,,1000000.0,0.0,0.0,0.0,0.0,0.0,0.0
2514,Bastian Schweinsteiger,Manchester United,1984-08-01,Midfield,Central Midfield,,,,1000000.0,0.0,0.0,0.0,0.0,0.0,0.0
2857,Eldin Jakupovic,Everton FC,1984-10-02,Goalkeeper,Goalkeeper,right,191.0,,100000.0,0.0,0.0,0.0,0.0,0.0,0.0
2998,Robert Huth,Leicester City,1984-08-18,Defender,Centre-Back,,,,2500000.0,0.0,0.0,0.0,0.0,0.0,0.0
3109,Steven Gerrard,Liverpool FC,1980-05-30,Midfield,Central Midfield,right,183.0,,1750000.0,0.0,0.0,0.0,0.0,0.0,0.0
3118,Kieron Dyer,Queens Park Rangers,1978-12-29,Midfield,Right Midfield,right,170.0,,500000.0,0.0,0.0,0.0,0.0,0.0,0.0
3120,Richard Wright,Manchester City,1977-11-05,Goalkeeper,Goalkeeper,right,190.0,,250000.0,0.0,0.0,0.0,0.0,0.0,0.0
3130,Titus Bramble,Sunderland AFC,1981-07-31,Defender,Centre-Back,right,192.0,,2000000.0,0.0,0.0,0.0,0.0,0.0,0.0
3131,Kevin Phillips,Crystal Palace,1973-07-25,Attack,Centre-Forward,right,170.0,,250000.0,0.0,0.0,0.0,0.0,0.0,0.0
3146,Shay Given,Stoke City,1976-04-20,Goalkeeper,Goalkeeper,right,185.0,,250000.0,0.0,0.0,0.0,0.0,0.0,0.0
3151,Carlo Cudicini,Tottenham Hotspur,1973-09-06,Goalkeeper,Goalkeeper,right,184.0,,500000.0,0.0,0.0,0.0,0.0,0.0,0.0
3156,William Gallas,Tottenham Hotspur,1977-08-17,Defender,Centre-Back,right,182.0,,500000.0,0.0,0.0,0.0,0.0,0.0,0.0
3160,John Terry,Chelsea FC,1980-12-07,Defender,Centre-Back,right,187.0,,1000000.0,0.0,0.0,0.0,0.0,0.0,0.0
3163,Frank Lampard,Manchester City,1978-06-20,Midfield,Central Midfield,right,184.0,,1000000.0,0.0,0.0,0.0,0.0,0.0,0.0
3190,Stuart Taylor,Southampton FC,1980-11-28,Goalkeeper,Goalkeeper,right,198.0,,250000.0,0.0,0.0,0.0,0.0,0.0,0.0
3195,Jermaine Pennant,Stoke City,1983-01-15,Attack,Right Winger,right,173.0,,500000.0,0.0,0.0,0.0,0.0,0.0,0.0
3220,John Arne Riise,Fulham FC,1980-09-24,Defender,Left-Back,left,185.0,,700000.0,0.0,0.0,0.0,0.0,0.0,0.0
3226,Nicolas Anelka,West Bromwich Albion,1979-03-14,Attack,Centre-Forward,right,186.0,,1000000.0,0.0,0.0,0.0,0.0,0.0,0.0
3235,Rio Ferdinand,Queens Park Rangers,1978-11-07,Defender,Centre-Back,right,189.0,,1000000.0,0.0,0.0,0.0,0.0,0.0,0.0
3259,Damien Duff,Fulham FC,1979-03-02,Midfield,Right Midfield,left,177.0,,600000.0,0.0,0.0,0.0,0.0,0.0,0.0
3270,Joseph Yobo,Norwich City,1980-09-06,Defender,Centre-Back,right,188.0,,750000.0,0.0,0.0,0.0,0.0,0.0,0.0
3271,Luke Young,Queens Park Rangers,1979-07-19,Defender,Right-Back,right,183.0,,500000.0,0.0,0.0,0.0,0.0,0.0,0.0
3273,Matthew Upson,Leicester City,1979-04-18,Defender,Centre-Back,left,185.0,,250000.0,0.0,0.0,0.0,0.0,0.0,0.0
3276,Shola Ameobi,Crystal Palace,1981-10-12,Attack,Centre-Forward,right,191.0,,500000.0,0.0,0.0,0.0,0.0,0.0,0.0
3291,Gareth Barry,West Bromwich Albion,1981-02-23,Midfield,Defensive Midfield,left,184.0,,325000.0,0.0,0.0,0.0,0.0,0.0,0.0
3292,Joey Barton,Burnley FC,1982-09-02,Midfield,Central Midfield,right,180.0,,1000000.0,0.0,0.0,0.0,0.0,0.0,0.0
3296,Paul Konchesky,Leicester City,1981-05-15,Defender,Left-Back,left,178.0,,250000.0,0.0,0.0,0.0,0.0,0.0,0.0
3297,Craig Bellamy,Cardiff City,1979-07-13,Attack,Left Winger,right,173.0,,1000000.0,0.0,0.0,0.0,0.0,0.0,0.0
3306,Jonathan Walters,Burnley FC,1983-09-20,Attack,Right Winger,right,183.0,,1500000.0,0.0,0.0,0.0,0.0,0.0,0.0
3332,Wayne Rooney,Manchester United,1985-10-24,Attack,Centre-Forward,right,176.0,,2000000.0,0.0,0.0,0.0,0.0,0.0,0.0
3333,James Milner,Brighton & Hove Albion,1986-01-04,Midfield,Central Midfield,right,175.0,61.0,500000.0,17.0,0.0,1.0,680.0,1.0,0.0
3356,Sylvain Distin,AFC Bournemouth,1977-12-16,Defender,Centre-Back,left,192.0,,750000.0,0.0,0.0,0.0,0.0,0.0,0.0
3357,Mark Schwarzer,Leicester City,1972-10-06,Goalkeeper,Goalkeeper,,,,500000.0,0.0,0.0,0.0,0.0,0.0,0.0
3397,Paul Scholes,Manchester United,1974-11-16,Midfield,Central Midfield,right,168.0,,1000000.0,0.0,0.0,0.0,0.0,0.0,0.0
3404,Phil Neville,Everton FC,1977-01-21,Defender,Right-Back,right,180.0,,1000000.0,0.0,0.0,0.0,0.0,0.0,0.0
3405,Wes Brown,Sunderland AFC,1979-10-13,Defender,Centre-Back,right,184.0,,500000.0,0.0,0.0,0.0,0.0,0.0,0.0
3406,Ryan Giggs,Manchester United,1973-11-29,Midfield,Left Midfield,left,179.0,,1000000.0,0.0,0.0,0.0,0.0,0.0,0.0
3461,Jermaine Jenas,Queens Park Rangers,1983-02-18,Midfield,Central Midfield,right,181.0,,1500000.0,0.0,0.0,0.0,0.0,0.0,0.0
3467,Shaun Wright-Phillips,Queens Park Rangers,1981-10-25,Attack,Right Winger,right,166.0,,100000.0,0.0,0.0,0.0,0.0,0.0,0.0
3473,Thomas Sörensen,Stoke City,1976-06-12,Goalkeeper,Goalkeeper,right,196.0,,250000.0,0.0,0.0,0.0,0.0,0.0,0.0
3476,Brad Friedel,Tottenham Hotspur,1971-05-18,Goalkeeper,Goalkeeper,,,,750000.0,0.0,0.0,0.0,0.0,0.0,0.0
3540,John O'Shea,Sunderland AFC,1981-04-30,Defender,Centre-Back,right,192.0,,500000.0,0.0,0.0,0.0,0.0,0.0,0.0
3547,Darren Fletcher,Stoke City,1984-02-01,Midfield,Central Midfield,right,184.0,,1000000.0,0.0,0.0,0.0,0.0,0.0,0.0
3548,Kieran Richardson,Aston Villa,1984-10-21,Defender,Left-Back,left,177.0,,1500000.0,0.0,0.0,0.0,0.0,0.0,0.0
3560,Jerome Thomas,Crystal Palace,1983-03-23,Attack,Left Winger,left,177.0,,250000.0,0.0,0.0,0.0,0.0,0.0,0.0
3562,Steve Harper,Sunderland AFC,1975-03-14,Goalkeeper,Goalkeeper,right,188.0,,250000.0,0.0,0.0,0.0,0.0,0.0,0.0
3597,Jamie Carragher,Liverpool FC,1978-01-28,Defender,Centre-Back,right,185.0,,1000000.0,0.0,0.0,0.0,0.0,0.0,0.0
3614,Tony Hibbert,Everton FC,1981-02-20,Defender,Right-Back,right,173.0,,500000.0,0.0,0.0,0.0,0.0,0.0,0.0
3620,Leon Osman,Everton FC,1981-05-17,Midfield,Central Midfield,right,173.0,,1000000.0,0.0,0.0,0.0,0.0,0.0,0.0
3630,Paul Robinson,Burnley FC,1979-10-15,Goalkeeper,Goalkeeper,right,193.0,,250000.0,0.0,0.0,0.0,0.0,0.0,0.0
3634,Ian Harte,Reading FC,1977-08-31,Defender,Left-Back,left,175.0,,150000.0,0.0,0.0,0.0,0.0,0.0,0.0
3640,Mark Hudson,Cardiff City,1982-03-30,Defender,Centre-Back,right,187.0,,500000.0,0.0,0.0,0.0,0.0,0.0,0.0
3666,Jason Roberts,Reading FC,1978-01-25,Attack,Centre-Forward,right,185.0,,250000.0,0.0,0.0,0.0,0.0,0.0,0.0
3668,Lloyd Dyer,Watford FC,1982-09-13,Midfield,Left Midfield,left,173.0,,250000.0,0.0,0.0,0.0,0.0,0.0,0.0
3682,Wayne Bridge,Manchester City,1980-08-05,Defender,Left-Back,left,178.0,,500000.0,0.0,0.0,0.0,0.0,0.0,0.0
3692,Jussi Jääskeläinen,West Ham United,1975-04-19,Goalkeeper,Goalkeeper,right,191.0,,150000.0,0.0,0.0,0.0,0.0,0.0,0.0
3762,Peter Whittingham,Cardiff City,1984-09-08,Midfield,Central Midfield,left,177.0,,750000.0,0.0,0.0,0.0,0.0,0.0,0.0
3775,George McCartney,West Ham United,1981-04-29,Defender,Left-Back,left,183.0,,1000000.0,0.0,0.0,0.0,0.0,0.0,0.0
3785,Scott Parker,Fulham FC,1980-10-13,Midfield,Central Midfield,right,180.0,,500000.0,0.0,0.0,0.0,0.0,0.0,0.0
3788,Matthew Etherington,Stoke City,1981-08-14,Midfield,Left Midfield,left,178.0,,1500000.0,0.0,0.0,0.0,0.0,0.0,0.0
3791,Gary Caldwell,Wigan Athletic,1982-04-12,Defender,Centre-Back,right,185.0,,500000.0,0.0,0.0,0.0,0.0,0.0,0.0
3804,Carlo Nash,Norwich City,1973-09-13,Goalkeeper,Goalkeeper,right,197.0,,250000.0,0.0,0.0,0.0,0.0,0.0,0.0
3807,Richard Dunne,Queens Park Rangers,1979-09-21,Defender,Centre-Back,right,188.0,,500000.0,0.0,0.0,0.0,0.0,0.0,0.0
3838,Boaz Myhill,West Bromwich Albion,1982-11-09,Goalkeeper,Goalkeeper,right,191.0,,350000.0,0.0,0.0,0.0,0.0,0.0,0.0
3876,Joe Cole,Aston Villa,1981-11-08,Midfield,Attacking Midfield,right,176.0,,150000.0,0.0,0.0,0.0,0.0,0.0,0.0
3878,Michael Carrick,Manchester United,1981-07-28,Midfield,Defensive Midfield,right,189.0,,1000000.0,0.0,0.0,0.0,0.0,0.0,0.0
3881,Glen Johnson,Stoke City,1984-08-23,Defender,Right-Back,both,182.0,,2500000.0,0.0,0.0,0.0,0.0,0.0,0.0
3924,Didier Drogba,Chelsea FC,1978-03-11,Attack,Centre-Forward,both,189.0,,500000.0,0.0,0.0,0.0,0.0,0.0,0.0
3950,Kevin Nolan,West Ham United,1982-06-24,Midfield,Attacking Midfield,right,183.0,,2000000.0,0.0,0.0,0.0,0.0,0.0,0.0
3995,Gary O'Neil,Norwich City,1983-05-18,Midfield,Central Midfield,right,174.0,,500000.0,0.0,0.0,0.0,0.0,0.0,0.0
4055,Dean Marney,Burnley FC,1984-01-31,Midfield,Central Midfield,right,183.0,,800000.0,0.0,0.0,0.0,0.0,0.0,0.0
4056,Simon Davies,Fulham FC,1979-10-23,Midfield,Right Midfield,right,178.0,,500000.0,0.0,0.0,0.0,0.0,0.0,0.0
4058,Lee Barnard,Southampton FC,1984-07-18,Attack,Centre-Forward,right,178.0,,250000.0,0.0,0.0,0.0,0.0,0.0,0.0
4063,Stewart Downing,Middlesbrough FC,1984-07-22,Attack,Left Winger,left,180.0,,200000.0,0.0,0.0,0.0,0.0,0.0,0.0
4070,Liam Ridgewell,West Bromwich Albion,1984-07-21,Defender,Centre-Back,both,188.0,,500000.0,0.0,0.0,0.0,0.0,0.0,0.0
4072,Peter Crouch,Burnley FC,1981-01-30,Attack,Centre-Forward,right,201.0,,1000000.0,0.0,0.0,0.0,0.0,0.0,0.0
4094,Frazer Richardson,Southampton FC,1982-10-29,Defender,Right-Back,right,180.0,,350000.0,0.0,0.0,0.0,0.0,0.0,0.0
4111,Garry Monk,Swansea City,1979-03-06,Defender,Centre-Back,right,183.0,,500000.0,0.0,0.0,0.0,0.0,0.0,0.0
4112,Rory Delap,Stoke City,1976-07-06,Midfield,Central Midfield,right,183.0,,250000.0,0.0,0.0,0.0,0.0,0.0,0.0
4115,Chris Baird,West Bromwich Albion,1982-02-25,Midfield,Defensive Midfield,right,185.0,,250000.0,0.0,0.0,0.0,0.0,0.0,0.0
4190,Brian Murphy,Cardiff City,1983-05-07,Goalkeeper,Goalkeeper,right,185.0,,10000.0,0.0,0.0,0.0,0.0,0.0,0.0
4205,Bobby Zamora,Queens Park Rangers,1981-01-16,Attack,Centre-Forward,left,184.0,,750000.0,0.0,0.0,0.0,0.0,0.0,0.0
4219,David Fox,Norwich City,1983-12-13,Midfield,Central Midfield,right,175.0,,250000.0,0.0,0.0,0.0,0.0,0.0,0.0
4233,Adam Federici,AFC Bournemouth,1985-01-31,Goalkeeper,Goalkeeper,right,188.0,,250000.0,0.0,0.0,0.0,0.0,0.0,0.0
4267,Tim Howard,Everton FC,1979-03-06,Goalkeeper,Goalkeeper,right,191.0,,300000.0,0.0,0.0,0.0,0.0,0.0,0.0
4321,Steven Pienaar,Sunderland AFC,1982-03-17,Midfield,Left Midfield,both,170.0,,500000.0,0.0,0.0,0.0,0.0,0.0,0.0
5278,Alexander Manninger,Liverpool FC,1977-06-04,Goalkeeper,Goalkeeper,,,,200000.0,0.0,0.0,0.0,0.0,0.0,0.0
5352,Mahamadou Diarra,Fulham FC,1981-05-18,Midfield,Defensive Midfield,right,182.0,,750000.0,0.0,0.0,0.0,0.0,0.0,0.0
5652,Marc-Antoine Fortuné,West Bromwich Albion,1981-07-02,Attack,Centre-Forward,right,183.0,,150000.0,0.0,0.0,0.0,0.0,0.0,0.0
5658,Petr Cech,Arsenal FC,1982-05-20,Goalkeeper,Goalkeeper,left,196.0,,2500000.0,0.0,0.0,0.0,0.0,0.0,0.0
5668,Anthony Réveillère,Sunderland AFC,1979-11-10,Defender,Right-Back,right,180.0,,500000.0,0.0,0.0,0.0,0.0,0.0,0.0
6106,Georgios Karagounis,Fulham FC,1977-03-06,Midfield,Central Midfield,right,176.0,,1000000.0,0.0,0.0,0.0,0.0,0.0,0.0
6107,Abdoulaye Faye,Hull City,1978-02-26,Defender,Centre-Back,left,187.0,,250000.0,0.0,0.0,0.0,0.0,0.0,0.0
6150,Fabricio Coloccini,Newcastle United,1982-01-22,Defender,Centre-Back,right,184.0,,75000.0,0.0,0.0,0.0,0.0,0.0,0.0
6636,Christian Fuchs,Leicester City,1986-04-07,Defender,Left-Back,left,187.0,,400000.0,0.0,0.0,0.0,0.0,0.0,0.0
6710,Per Mertesacker,Arsenal FC,1984-09-29,Defender,Centre-Back,right,200.0,,1000000.0,0.0,0.0,0.0,0.0,0.0,0.0
6855,Georgios Samaras,West Bromwich Albion,1985-02-21,Attack,Left Winger,right,193.0,,100000.0,0.0,0.0,0.0,0.0,0.0,0.0
6893,Gabriel Tamas,West Bromwich Albion,1983-11-09,Defender,Centre-Back,right,188.0,,100000.0,0.0,0.0,0.0,0.0,0.0,0.0
7330,Steven Reid,West Bromwich Albion,1981-03-10,Defender,Right-Back,right,185.0,,500000.0,0.0,0.0,0.0,0.0,0.0,0.0
7337,Alan Tate,Swansea City,1982-09-02,Defender,Centre-Back,right,185.0,,500000.0,0.0,0.0,0.0,0.0,0.0,0.0
7451,Mikel Arteta,Arsenal FC,1982-03-26,Midfield,Central Midfield,right,177.0,,2000000.0,0.0,0.0,0.0,0.0,0.0,0.0
7589,Víctor Valdés,Middlesbrough FC,1982-01-14,Goalkeeper,Goalkeeper,right,183.0,,2000000.0,0.0,0.0,0.0,0.0,0.0,0.0
7858,Yossi Benayoun,West Ham United,1980-05-05,Attack,Right Winger,right,175.0,,250000.0,0.0,0.0,0.0,0.0,0.0,0.0
8188,Jay Bothroyd,Queens Park Rangers,1982-05-07,Attack,Centre-Forward,left,190.0,,125000.0,0.0,0.0,0.0,0.0,0.0,0.0
9218,Matthew Taylor,West Ham United,1981-11-27,Midfield,Left Midfield,left,177.0,,250000.0,0.0,0.0,0.0,0.0,0.0,0.0
9508,Shaun Maloney,Hull City,1983-01-24,Midfield,Attacking Midfield,right,171.0,,1000000.0,0.0,0.0,0.0,0.0,0.0,0.0
9619,Alan Hutton,Aston Villa,1984-11-30,Defender,Right-Back,right,185.0,,1000000.0,0.0,0.0,0.0,0.0,0.0,0.0
9832,Paulo Ferreira,Chelsea FC,1979-01-18,Defender,Right-Back,right,183.0,,750000.0,0.0,0.0,0.0,0.0,0.0,0.0
9885,Brynjar Gunnarsson,Reading FC,1975-10-16,Midfield,Defensive Midfield,right,185.0,,250000.0,0.0,0.0,0.0,0.0,0.0,0.0
9966,Almen Abdi,Watford FC,1986-10-21,Midfield,Central Midfield,right,181.0,,750000.0,0.0,0.0,0.0,0.0,0.0,0.0
9975,Richard Chaplow,Southampton FC,1985-02-02,Midfield,Central Midfield,right,175.0,,125000.0,0.0,0.0,0.0,0.0,0.0,0.0
9980,Rob Hulse,Queens Park Rangers,1979-10-25,Attack,Centre-Forward,right,185.0,,250000.0,0.0,0.0,0.0,0.0,0.0,0.0
9988,Michael Dawson,Hull City,1983-11-18,Defender,Centre-Back,right,189.0,,200000.0,0.0,0.0,0.0,0.0,0.0,0.0
10003,Wes Morgan,Leicester City,1984-01-21,Defender,Centre-Back,right,185.0,,400000.0,0.0,0.0,0.0,0.0,0.0,0.0
10375,Shaun MacDonald,AFC Bournemouth,1988-06-17,Midfield,Central Midfield,right,183.0,,75000.0,0.0,0.0,0.0,0.0,0.0,0.0
10501,Paul Gallagher,Leicester City,1984-09-08,Midfield,Central Midfield,right,185.0,,250000.0,0.0,0.0,0.0,0.0,0.0,0.0
10642,Mike Williamson,Newcastle United,1983-11-08,Defender,Centre-Back,right,194.0,,250000.0,0.0,0.0,0.0,0.0,0.0,0.0
11680,Rob Green,Chelsea FC,1980-01-18,Goalkeeper,Goalkeeper,right,191.0,,250000.0,0.0,0.0,0.0,0.0,0.0,0.0
12125,Stephen Kelly,Reading FC,1983-09-06,Defender,Right-Back,right,184.0,,350000.0,0.0,0.0,0.0,0.0,0.0,0.0
12127,Michael Turner,Norwich City,1983-11-09,Defender,Centre-Back,right,193.0,,350000.0,0.0,0.0,0.0,0.0,0.0,0.0
12384,Alexander Tettey,Norwich City,1986-04-04,Midfield,Defensive Midfield,right,181.0,,500000.0,0.0,0.0,0.0,0.0,0.0,0.0
12401,Tommy Smith,Cardiff City,1980-05-22,Attack,Centre-Forward,right,178.0,,250000.0,0.0,0.0,0.0,0.0,0.0,0.0
12516,Peter Odemwingie,Stoke City,1981-07-15,Attack,Right Winger,right,181.0,,500000.0,0.0,0.0,0.0,0.0,0.0,0.0
12628,Noel Hunt,Reading FC,1982-12-26,Attack,Centre-Forward,left,173.0,,150000.0,0.0,0.0,0.0,0.0,0.0,0.0
12691,James Collins,West Ham United,1983-08-23,Defender,Centre-Back,right,188.0,,600000.0,0.0,0.0,0.0,0.0,0.0,0.0
12693,Stephen Dobbie,Crystal Palace,1982-12-05,Attack,Centre-Forward,right,178.0,,200000.0,0.0,0.0,0.0,0.0,0.0,0.0
12709,Danny Gabbidon,Crystal Palace,1979-08-08,Defender,Centre-Back,right,178.0,,250000.0,0.0,0.0,0.0,0.0,0.0,0.0
12814,Julián Speroni,Crystal Palace,1979-05-18,Goalkeeper,Goalkeeper,right,186.0,,250000.0,0.0,0.0,0.0,0.0,0.0,0.0
13239,Darren Bent,Aston Villa,1984-02-06,Attack,Centre-Forward,right,180.0,,1000000.0,0.0,0.0,0.0,0.0,0.0,0.0
13249,Andy Marshall,Aston Villa,1975-04-14,Goalkeeper,Goalkeeper,right,188.0,,250000.0,0.0,0.0,0.0,0.0,0.0,0.0
13350,Lewis Price,Crystal Palace,1984-07-19,Goalkeeper,Goalkeeper,right,191.0,,250000.0,0.0,0.0,0.0,0.0,0.0,0.0
13412,Grant Holt,Aston Villa,1981-04-12,Attack,Centre-Forward,right,183.0,,350000.0,0.0,0.0,0.0,0.0,0.0,0.0
13426,Nicky Shorey,Reading FC,1981-02-19,Defender,Left-Back,left,175.0,,250000.0,0.0,0.0,0.0,0.0,0.0,0.0
13427,Steve Sidwell,Brighton & Hove Albion,1982-12-14,Midfield,Central Midfield,right,183.0,,1000000.0,0.0,0.0,0.0,0.0,0.0,0.0
13443,Lee Camp,West Bromwich Albion,1984-08-22,Goalkeeper,Goalkeeper,right,183.0,,150000.0,0.0,0.0,0.0,0.0,0.0,0.0
13460,Lee Grant,Manchester United,1983-01-27,Goalkeeper,Goalkeeper,right,193.0,,250000.0,0.0,0.0,0.0,0.0,0.0,0.0
13465,Tom Huddlestone,Hull City,1986-12-28,Midfield,Defensive Midfield,right,188.0,,250000.0,0.0,0.0,0.0,0.0,0.0,0.0
13507,Leighton Baines,Everton FC,1984-12-11,Defender,Left-Back,left,170.0,,1600000.0,0.0,0.0,0.0,0.0,0.0,0.0
13520,Phil Jagielka,Sheffield United,1982-08-17,Defender,Centre-Back,right,180.0,,200000.0,0.0,0.0,0.0,0.0,0.0,0.0
13572,Ben Foster,Watford FC,1983-04-03,Goalkeeper,Goalkeeper,left,193.0,,300000.0,0.0,0.0,0.0,0.0,0.0,0.0
13573,Simon Francis,AFC Bournemouth,1985-02-16,Defender,Right-Back,right,191.0,,800000.0,0.0,0.0,0.0,0.0,0.0,0.0
13582,Karl Henry,Queens Park Rangers,1982-11-26,Midfield,Defensive Midfield,right,184.0,,500000.0,0.0,0.0,0.0,0.0,0.0,0.0
13616,Andy Wilkinson,Stoke City,1984-08-06,Defender,Right-Back,right,180.0,,1000000.0,0.0,0.0,0.0,0.0,0.0,0.0
13640,Kelvin Davis,Southampton FC,1976-09-29,Goalkeeper,Goalkeeper,right,185.0,,250000.0,0.0,0.0,0.0,0.0,0.0,0.0
13683,Dean Whitehead,Huddersfield Town,1982-01-12,Midfield,Central Midfield,right,183.0,,250000.0,0.0,0.0,0.0,0.0,0.0,0.0
13796,Grant Leadbitter,Middlesbrough FC,1986-01-07,Midfield,Central Midfield,right,177.0,,1600000.0,0.0,0.0,0.0,0.0,0.0,0.0
13829,Diego Lugano,West Bromwich Albion,1980-11-02,Defender,Centre-Back,right,188.0,,500000.0,0.0,0.0,0.0,0.0,0.0,0.0
13886,Hilário,Chelsea FC,1975-10-21,Goalkeeper,Goalkeeper,right,189.0,,250000.0,0.0,0.0,0.0,0.0,0.0,0.0
13997,Danny Butterfield,Southampton FC,1979-11-21,Defender,Right-Back,right,180.0,,50000.0,0.0,0.0,0.0,0.0,0.0,0.0
14007,Shaun Derry,Queens Park Rangers,1977-12-06,Midfield,Defensive Midfield,right,177.0,,500000.0,0.0,0.0,0.0,0.0,0.0,0.0
14013,Matty Fryatt,Hull City,1986-03-05,Attack,Centre-Forward,right,178.0,,250000.0,0.0,0.0,0.0,0.0,0.0,0.0
14031,Andy Johnson,Crystal Palace,1981-02-10,Attack,Centre-Forward,right,172.0,,1000000.0,0.0,0.0,0.0,0.0,0.0,0.0
14041,Mikele Leigertwood,Reading FC,1982-11-12,Midfield,Defensive Midfield,both,188.0,,600000.0,0.0,0.0,0.0,0.0,0.0,0.0
14044,Andy Lonergan,Everton FC,1983-10-19,Goalkeeper,Goalkeeper,left,193.0,,100000.0,0.0,0.0,0.0,0.0,0.0,0.0
14047,Jobi McAnuff,Reading FC,1981-11-09,Attack,Left Winger,right,180.0,,250000.0,0.0,0.0,0.0,0.0,0.0,0.0
14066,Wayne Routledge,Swansea City,1985-01-07,Attack,Left Winger,right,170.0,,250000.0,0.0,0.0,0.0,0.0,0.0,0.0
14069,Mamady Sidibé,Stoke City,1979-12-18,Attack,Centre-Forward,right,193.0,,700000.0,0.0,0.0,0.0,0.0,0.0,0.0
14081,Ben Watson,Watford FC,1985-07-09,Midfield,Central Midfield,right,178.0,,250000.0,0.0,0.0,0.0,0.0,0.0,0.0
14086,Ashley Young,Everton FC,1985-07-09,Defender,Right-Back,both,175.0,39.0,400000.0,0.0,0.0,0.0,0.0,0.0,0.0
14178,David Vaughan,Sunderland AFC,1983-02-18,Midfield,Defensive Midfield,left,171.0,,500000.0,0.0,0.0,0.0,0.0,0.0,0.0
14221,Aaron Lennon,Burnley FC,1987-04-16,Attack,Right Winger,right,165.0,,600000.0,0.0,0.0,0.0,0.0,0.0,0.0
14555,Scott Carson,Manchester City,1985-09-03,Goalkeeper,Goalkeeper,right,188.0,4.0,100000.0,0.0,0.0,0.0,0.0,0.0,0.0
15164,Keiren Westwood,Sunderland AFC,1984-10-23,Goalkeeper,Goalkeeper,left,188.0,,200000.0,0.0,0.0,0.0,0.0,0.0,0.0
15166,Liam Rosenior,Brighton & Hove Albion,1984-07-09,Defender,Right-Back,right,178.0,,1000000.0,0.0,0.0,0.0,0.0,0.0,0.0
15220,Artur Boruc,AFC Bournemouth,1980-02-20,Goalkeeper,Goalkeeper,right,193.0,,50000.0,0.0,0.0,0.0,0.0,0.0,0.0
15773,Phil Bardsley,Burnley FC,1985-06-28,Defender,Right-Back,right,180.0,,75000.0,0.0,0.0,0.0,0.0,0.0,0.0
15838,Elliott Ward,AFC Bournemouth,1985-01-19,Defender,Centre-Back,right,185.0,,250000.0,0.0,0.0,0.0,0.0,0.0,0.0
15921,Matt Jarvis,Norwich City,1986-05-22,Attack,Left Winger,,173.0,,300000.0,0.0,0.0,0.0,0.0,0.0,0.0
15929,Jamie Mackie,Queens Park Rangers,1985-09-22,Attack,Centre-Forward,right,182.0,,800000.0,0.0,0.0,0.0,0.0,0.0,0.0
15930,David Martin,West Ham United,1986-01-22,Goalkeeper,Goalkeeper,right,188.0,,75000.0,0.0,0.0,0.0,0.0,0.0,0.0
16306,Casemiro,Manchester United,1992-02-23,Midfield,Defensive Midfield,right,185.0,91.0,6000000.0,31.0,9.0,2.0,2399.0,8.0,0.0
16576,Carlos Cuéllar,Sunderland AFC,1981-08-23,Defender,Centre-Back,right,190.0,,50000.0,0.0,0.0,0.0,0.0,0.0,0.0
16660,Alex Baptiste,Middlesbrough FC,1986-01-31,Defender,Centre-Back,right,180.0,,400000.0,0.0,0.0,0.0,0.0,0.0,0.0
16716,Danny Guthrie,Reading FC,1987-04-18,Midfield,Central Midfield,right,176.0,,100000.0,0.0,0.0,0.0,0.0,0.0,0.0
16810,Marco Amelia,Chelsea FC,1982-04-02,Goalkeeper,Goalkeeper,right,190.0,,100000.0,0.0,0.0,0.0,0.0,0.0,0.0
16947,Marcin Wasilewski,Leicester City,1980-06-09,Defender,Centre-Back,right,186.0,,50000.0,0.0,0.0,0.0,0.0,0.0,0.0
17273,Steven Taylor,Newcastle United,1986-01-23,Defender,Centre-Back,right,186.0,,300000.0,0.0,0.0,0.0,0.0,0.0,0.0
18227,Curtis Davies,Hull City,1985-03-15,Defender,Centre-Back,right,188.0,,100000.0,0.0,0.0,0.0,0.0,0.0,0.0
18324,Zoltán Gera,West Bromwich Albion,1979-04-22,Midfield,Central Midfield,both,183.0,,100000.0,0.0,0.0,0.0,0.0,0.0,0.0
18871,Jean Beausejour,Wigan Athletic,1984-06-01,Defender,Left-Back,left,178.0,,250000.0,0.0,0.0,0.0,0.0,0.0,0.0
19059,Heurelho Gomes,Watford FC,1981-02-15,Goalkeeper,Goalkeeper,right,191.0,,400000.0,0.0,0.0,0.0,0.0,0.0,0.0
19085,Marouane Chamakh,Crystal Palace,1984-01-10,Attack,Centre-Forward,right,188.0,,2000000.0,0.0,0.0,0.0,0.0,0.0,0.0
19368,Mousa Dembélé,Tottenham Hotspur,1987-07-16,Midfield,Central Midfield,left,185.0,,400000.0,0.0,0.0,0.0,0.0,0.0,0.0
19641,Emmerson Boyce,Wigan Athletic,1979-09-24,Defender,Right-Back,right,180.0,,200000.0,0.0,0.0,0.0,0.0,0.0,0.0
19721,Goran Popov,West Bromwich Albion,1984-10-02,Defender,Left-Back,left,188.0,,100000.0,0.0,0.0,0.0,0.0,0.0,0.0
19948,Willy Caballero,Southampton FC,1981-09-28,Goalkeeper,Goalkeeper,right,186.0,,150000.0,0.0,0.0,0.0,0.0,0.0,0.0
20007,Pablo Zabaleta,West Ham United,1985-01-16,Defender,Right-Back,right,176.0,,800000.0,0.0,0.0,0.0,0.0,0.0,0.0
20975,Leroy Lita,Swansea City,1984-12-28,Attack,Centre-Forward,right,176.0,,200000.0,0.0,0.0,0.0,0.0,0.0,0.0
21010,Radek Cerny,Queens Park Rangers,1974-02-18,Goalkeeper,Goalkeeper,right,187.0,,250000.0,0.0,0.0,0.0,0.0,0.0,0.0
21496,Brett Holman,Aston Villa,1984-03-27,Midfield,Attacking Midfield,right,177.0,,400000.0,0.0,0.0,0.0,0.0,0.0,0.0
21863,Andrea Dossena,Sunderland AFC,1981-09-11,Midfield,Left Midfield,left,180.0,,250000.0,0.0,0.0,0.0,0.0,0.0,0.0
22165,Charles N'Zogbia,Aston Villa,1986-05-28,Attack,Right Winger,left,171.0,,1000000.0,0.0,0.0,0.0,0.0,0.0,0.0
22491,Anders Lindegaard,Burnley FC,1984-04-13,Goalkeeper,Goalkeeper,right,193.0,,200000.0,0.0,0.0,0.0,0.0,0.0,0.0
22801,Guly,Southampton FC,1981-12-31,Midfield,Attacking Midfield,right,189.0,,500000.0,0.0,0.0,0.0,0.0,0.0,0.0
24589,Wes Hoolahan,Norwich City,1982-05-20,Midfield,Attacking Midfield,left,168.0,,300000.0,0.0,0.0,0.0,0.0,0.0,0.0
24634,David Jones,Burnley FC,1984-11-04,Midfield,Central Midfield,left,183.0,,350000.0,0.0,0.0,0.0,0.0,0.0,0.0
24636,Paul McShane,Hull City,1986-01-06,Defender,Centre-Back,right,183.0,,400000.0,0.0,0.0,0.0,0.0,0.0,0.0
25248,Jonas Olsson,West Bromwich Albion,1983-03-10,Defender,Centre-Back,left,193.0,,250000.0,0.0,0.0,0.0,0.0,0.0,0.0
25366,Michael Kightly,Burnley FC,1986-01-24,Attack,Left Winger,right,173.0,,500000.0,0.0,0.0,0.0,0.0,0.0,0.0
25542,Elsad Zverotic,Fulham FC,1986-10-31,Defender,Right-Back,right,179.0,,50000.0,0.0,0.0,0.0,0.0,0.0,0.0
25553,Brede Hangeland,Crystal Palace,1981-06-20,Defender,Centre-Back,right,199.0,,1000000.0,0.0,0.0,0.0,0.0,0.0,0.0
25742,Nikica Jelavic,West Ham United,1985-08-27,Attack,Centre-Forward,both,188.0,,50000.0,0.0,0.0,0.0,0.0,0.0,0.0
26267,Fernandinho,Manchester City,1985-05-04,Midfield,Defensive Midfield,right,179.0,,600000.0,0.0,0.0,0.0,0.0,0.0,0.0
26276,Michel Vorm,Tottenham Hotspur,1983-10-20,Goalkeeper,Goalkeeper,right,183.0,,800000.0,0.0,0.0,0.0,0.0,0.0,0.0
26633,Ali Al-Habsi,Wigan Athletic,1981-12-30,Goalkeeper,Goalkeeper,right,194.0,,250000.0,0.0,0.0,0.0,0.0,0.0,0.0
26946,Robert Koren,Hull City,1980-09-20,Midfield,Attacking Midfield,right,176.0,,500000.0,0.0,0.0,0.0,0.0,0.0,0.0
27053,Conrad Logan,Leicester City,1986-04-18,Goalkeeper,Goalkeeper,right,188.0,,200000.0,0.0,0.0,0.0,0.0,0.0,0.0
27114,Younès Kaboul,Watford FC,1986-01-04,Defender,Centre-Back,right,192.0,,1500000.0,0.0,0.0,0.0,0.0,0.0,0.0
27505,Markus Rosenberg,West Bromwich Albion,1982-09-27,Attack,Centre-Forward,,,,600000.0,0.0,0.0,0.0,0.0,0.0,0.0
27511,Gary Cahill,Crystal Palace,1985-12-19,Defender,Centre-Back,right,193.0,,400000.0,0.0,0.0,0.0,0.0,0.0,0.0
27577,Clint Dempsey,Fulham FC,1983-03-09,Attack,Second Striker,right,185.0,,1000000.0,0.0,0.0,0.0,0.0,0.0,0.0
27614,James Morrison,West Bromwich Albion,1986-05-25,Midfield,Central Midfield,right,183.0,,1500000.0,0.0,0.0,0.0,0.0,0.0,0.0
27659,Martin Cranie,Huddersfield Town,1986-09-26,Defender,Centre-Back,right,183.0,,250000.0,0.0,0.0,0.0,0.0,0.0,0.0
28245,Kenwyne Jones,Cardiff City,1984-10-05,Attack,Centre-Forward,right,187.0,,500000.0,0.0,0.0,0.0,0.0,0.0,0.0
28260,Álvaro Arbeloa,West Ham United,1983-01-17,Defender,Right-Back,right,184.0,,1500000.0,0.0,0.0,0.0,0.0,0.0,0.0
28336,Mile Jedinak,Crystal Palace,1984-08-03,Midfield,Defensive Midfield,right,187.0,,1500000.0,0.0,0.0,0.0,0.0,0.0,0.0
28801,Peter Ramage,Crystal Palace,1983-11-22,Defender,Centre-Back,right,185.0,,150000.0,0.0,0.0,0.0,0.0,0.0,0.0
28810,Nedum Onuoha,Queens Park Rangers,1986-11-12,Defender,Centre-Back,right,183.0,,500000.0,0.0,0.0,0.0,0.0,0.0,0.0
28878,Ryan Nelsen,Queens Park Rangers,1977-10-18,Defender,Centre-Back,right,185.0,,750000.0,0.0,0.0,0.0,0.0,0.0,0.0
28984,Sol Bamba,Cardiff City,1985-01-13,Defender,Centre-Back,right,190.0,,250000.0,0.0,0.0,0.0,0.0,0.0,0.0
29055,Jesús Gámez,Newcastle United,1985-04-10,Defender,Right-Back,right,177.0,,2000000.0,0.0,0.0,0.0,0.0,0.0,0.0
29152,Danny Graham,Sunderland AFC,1985-08-12,Attack,Centre-Forward,right,183.0,,475000.0,0.0,0.0,0.0,0.0,0.0,0.0
29158,Andrew Taylor,Cardiff City,1986-08-01,Defender,Left-Back,left,178.0,,500000.0,0.0,0.0,0.0,0.0,0.0,0.0
29159,Ross Turnbull,Chelsea FC,1985-01-04,Goalkeeper,Goalkeeper,right,193.0,,350000.0,0.0,0.0,0.0,0.0,0.0,0.0
29356,Dwight Tiendalli,Swansea City,1985-10-21,Defender,Right-Back,right,176.0,,100000.0,0.0,0.0,0.0,0.0,0.0,0.0
29692,Lukasz Fabianski,West Ham United,1985-04-18,Goalkeeper,Goalkeeper,right,190.0,57.0,150000.0,0.0,0.0,0.0,0.0,0.0,0.0
29712,John Ruddy,Newcastle United,1986-10-24,Goalkeeper,Goalkeeper,right,192.0,1.0,100000.0,0.0,0.0,0.0,0.0,0.0,0.0
29974,Patrick McCarthy,Crystal Palace,1983-05-31,Defender,Centre-Back,right,185.0,,500000.0,0.0,0.0,0.0,0.0,0.0,0.0
29975,Andrew Surman,AFC Bournemouth,1986-08-20,Midfield,Central Midfield,left,178.0,,1000000.0,0.0,0.0,0.0,0.0,0.0,0.0
30456,Marc Wilson,West Bromwich Albion,1987-08-17,Defender,Centre-Back,both,188.0,,10000.0,0.0,0.0,0.0,0.0,0.0,0.0
30471,James Vaughan,Norwich City,1988-07-14,Attack,Centre-Forward,right,181.0,,400000.0,0.0,0.0,0.0,0.0,0.0,0.0
30982,Chu-young Park,Arsenal FC,1985-07-10,Attack,Centre-Forward,right,182.0,,100000.0,0.0,0.0,0.0,0.0,0.0,0.0
31553,Danny Fox,Southampton FC,1986-05-29,Defender,Left-Back,left,183.0,,300000.0,0.0,0.0,0.0,0.0,0.0,0.0
31579,Adam Johnson,Sunderland AFC,1987-07-14,Attack,Right Winger,left,182.0,,7500000.0,0.0,0.0,0.0,0.0,0.0,0.0
31642,Geoff Cameron,Stoke City,1985-07-11,Defender,Centre-Back,right,190.0,,150000.0,0.0,0.0,0.0,0.0,0.0,0.0
31645,Anderson,Manchester United,1988-04-13,Midfield,Central Midfield,left,175.0,,300000.0,0.0,0.0,0.0,0.0,0.0,0.0
31720,Sebastian Larsson,Sunderland AFC,1985-06-06,Midfield,Central Midfield,right,178.0,,500000.0,0.0,0.0,0.0,0.0,0.0,0.0
31835,Mark Noble,West Ham United,1987-05-08,Midfield,Central Midfield,right,180.0,,1000000.0,0.0,0.0,0.0,0.0,0.0,0.0
31883,Hogan Ephraim,Queens Park Rangers,1988-03-31,Midfield,Left Midfield,left,175.0,,100000.0,0.0,0.0,0.0,0.0,0.0,0.0
32217,Mike Pollitt,Wigan Athletic,1972-02-29,Goalkeeper,Goalkeeper,right,193.0,,250000.0,0.0,0.0,0.0,0.0,0.0,0.0
32617,Micah Richards,Aston Villa,1988-06-24,Defender,Right-Back,right,180.0,,500000.0,0.0,0.0,0.0,0.0,0.0,0.0
33027,Tim Krul,Luton Town,1988-04-03,Goalkeeper,Goalkeeper,left,193.0,,500000.0,0.0,0.0,0.0,0.0,0.0,0.0
33046,Cabral,Sunderland AFC,1988-10-22,Midfield,Defensive Midfield,right,180.0,,100000.0,0.0,0.0,0.0,0.0,0.0,0.0
33065,Dean Hammond,Leicester City,1983-03-07,Midfield,Central Midfield,right,182.0,,500000.0,0.0,0.0,0.0,0.0,0.0,0.0
33249,Owen Garvan,Crystal Palace,1988-01-29,Midfield,Central Midfield,left,183.0,,250000.0,0.0,0.0,0.0,0.0,0.0,0.0
33478,Cheik Tioté,Newcastle United,1986-06-21,Midfield,Defensive Midfield,right,180.0,,3200000.0,0.0,0.0,0.0,0.0,0.0,0.0
33484,Leon Barnett,Norwich City,1985-11-30,Defender,Centre-Back,right,185.0,,250000.0,0.0,0.0,0.0,0.0,0.0,0.0
33507,Lukas Jutkiewicz,Burnley FC,1989-03-28,Attack,Centre-Forward,left,185.0,,450000.0,0.0,0.0,0.0,0.0,0.0,0.0
33544,Antonio Valencia,Manchester United,1985-08-04,Defender,Right-Back,right,180.0,,1800000.0,0.0,0.0,0.0,0.0,0.0,0.0
33713,Theo Walcott,Southampton FC,1989-03-16,Attack,Right Winger,both,175.0,,1000000.0,0.0,0.0,0.0,0.0,0.0,0.0
33754,Alex Smithies,Leicester City,1990-03-05,Goalkeeper,Goalkeeper,right,189.0,,500000.0,0.0,0.0,0.0,0.0,0.0,0.0
33785,Ryan Taylor,Newcastle United,1984-08-19,Defender,Right-Back,right,179.0,,350000.0,0.0,0.0,0.0,0.0,0.0,0.0
33822,Jimmy Kébé,Crystal Palace,1984-01-19,Attack,Right Winger,left,187.0,,500000.0,0.0,0.0,0.0,0.0,0.0,0.0
33873,Asmir Begovic,Everton FC,1987-06-20,Goalkeeper,Goalkeeper,right,199.0,63.0,200000.0,0.0,0.0,0.0,0.0,0.0,0.0
33963,David Nugent,Middlesbrough FC,1985-05-02,Attack,Centre-Forward,right,180.0,,200000.0,0.0,0.0,0.0,0.0,0.0,0.0
34130,Tom Heaton,Manchester United,1986-04-15,Goalkeeper,Goalkeeper,right,188.0,3.0,100000.0,0.0,0.0,0.0,0.0,0.0,0.0
34349,Richard Stearman,Sheffield United,1987-08-19,Defender,Centre-Back,right,191.0,,75000.0,0.0,0.0,0.0,0.0,0.0,0.0
34409,Joe Ledley,Crystal Palace,1987-01-23,Midfield,Central Midfield,left,183.0,,300000.0,0.0,0.0,0.0,0.0,0.0,0.0
34559,Matthew Connolly,Cardiff City,1987-09-24,Defender,Centre-Back,right,188.0,,400000.0,0.0,0.0,0.0,0.0,0.0,0.0
34672,Joey O'Brien,West Ham United,1986-02-17,Defender,Right-Back,right,180.0,,25000.0,0.0,0.0,0.0,0.0,0.0,0.0
34691,Stephen Ward,Burnley FC,1985-08-20,Defender,Left-Back,left,184.0,,725000.0,0.0,0.0,0.0,0.0,0.0,0.0
34838,Stephen Ireland,Stoke City,1986-08-22,Midfield,Attacking Midfield,right,173.0,,1000000.0,0.0,0.0,0.0,0.0,0.0,0.0
35035,Roland Lamah,Swansea City,1987-12-31,Attack,Left Winger,left,180.0,,150000.0,0.0,0.0,0.0,0.0,0.0,0.0
35193,Kevin Doyle,Crystal Palace,1983-09-18,Attack,Centre-Forward,right,180.0,,600000.0,0.0,0.0,0.0,0.0,0.0,0.0
35413,Lewis Grabban,AFC Bournemouth,1988-01-12,Attack,Centre-Forward,right,183.0,,250000.0,0.0,0.0,0.0,0.0,0.0,0.0
35416,David McGoldrick,Sheffield United,1987-11-29,Attack,Centre-Forward,right,184.0,,200000.0,0.0,0.0,0.0,0.0,0.0,0.0
35571,José Enrique,Liverpool FC,1986-01-23,Defender,Left-Back,left,184.0,,800000.0,0.0,0.0,0.0,0.0,0.0,0.0
35583,Daniel Pudil,Watford FC,1985-09-27,Defender,Left-Back,left,184.0,,300000.0,0.0,0.0,0.0,0.0,0.0,0.0
36291,Gaëtan Bong,Brighton & Hove Albion,1988-04-25,Defender,Left-Back,left,183.0,,150000.0,0.0,0.0,0.0,0.0,0.0,0.0
36814,Chris Brunt,West Bromwich Albion,1984-12-14,Midfield,Central Midfield,left,187.0,,350000.0,0.0,0.0,0.0,0.0,0.0,0.0
36827,Branislav Ivanovic,West Bromwich Albion,1984-02-22,Defender,Right-Back,right,185.0,,500000.0,0.0,0.0,0.0,0.0,0.0,0.0
36859,Leon Clarke,Sheffield United,1985-02-10,Attack,Centre-Forward,right,188.0,,50000.0,0.0,0.0,0.0,0.0,0.0,0.0
36861,Damien Delaney,Crystal Palace,1981-07-20,Defender,Centre-Back,left,190.0,,1000000.0,0.0,0.0,0.0,0.0,0.0,0.0
36866,Billy Jones,Sunderland AFC,1987-03-24,Defender,Right-Back,right,182.0,,250000.0,0.0,0.0,0.0,0.0,0.0,0.0
36939,Marc Pugh,AFC Bournemouth,1987-04-02,Attack,Left Winger,right,180.0,,800000.0,0.0,0.0,0.0,0.0,0.0,0.0
37011,Nathan Dyer,Swansea City,1987-11-29,Attack,Right Winger,right,165.0,,350000.0,0.0,0.0,0.0,0.0,0.0,0.0
37148,Gabriel Agbonlahor,Aston Villa,1986-10-13,Attack,Centre-Forward,right,183.0,,1000000.0,0.0,0.0,0.0,0.0,0.0,0.0
37152,Tommy Elphick,AFC Bournemouth,1987-09-07,Defender,Centre-Back,right,188.0,,300000.0,0.0,0.0,0.0,0.0,0.0,0.0
37171,Craig Gardner,West Bromwich Albion,1986-11-25,Midfield,Central Midfield,right,176.0,,400000.0,0.0,0.0,0.0,0.0,0.0,0.0
37304,Shane Long,Southampton FC,1987-01-22,Attack,Centre-Forward,both,180.0,,250000.0,0.0,0.0,0.0,0.0,0.0,0.0
37442,Danny Simpson,Leicester City,1987-01-04,Defender,Right-Back,right,176.0,,300000.0,0.0,0.0,0.0,0.0,0.0,0.0
37526,Winston Reid,West Ham United,1988-07-03,Defender,Centre-Back,right,191.0,,600000.0,0.0,0.0,0.0,0.0,0.0,0.0
37896,DJ Campbell,Queens Park Rangers,1981-11-12,Attack,Centre-Forward,right,178.0,,250000.0,0.0,0.0,0.0,0.0,0.0,0.0
37941,Camilo Zúñiga,Watford FC,1985-12-14,Defender,Right-Back,right,172.0,,500000.0,0.0,0.0,0.0,0.0,0.0,0.0
38094,Lee Peltier,West Bromwich Albion,1986-12-11,Defender,Right-Back,right,178.0,,200000.0,0.0,0.0,0.0,0.0,0.0,0.0
38145,Adrian Mariappa,Watford FC,1986-10-03,Defender,Centre-Back,right,179.0,,100000.0,0.0,0.0,0.0,0.0,0.0,0.0
38383,Danny Williams,Huddersfield Town,1989-03-08,Midfield,Defensive Midfield,right,182.0,,475000.0,0.0,0.0,0.0,0.0,0.0,0.0
39010,Jordi Gómez,Sunderland AFC,1985-05-24,Midfield,Central Midfield,left,178.0,,200000.0,0.0,0.0,0.0,0.0,0.0,0.0
39037,Rob Elliot,Watford FC,1986-04-30,Goalkeeper,Goalkeeper,left,190.0,,200000.0,0.0,0.0,0.0,0.0,0.0,0.0
39372,Mario Vrancic,Norwich City,1989-05-23,Midfield,Central Midfield,left,187.0,,300000.0,0.0,0.0,0.0,0.0,0.0,0.0
39378,Jozy Altidore,Sunderland AFC,1989-11-06,Attack,Centre-Forward,right,185.0,,300000.0,0.0,0.0,0.0,0.0,0.0,0.0
39471,Brad Guzan,Middlesbrough FC,1984-09-09,Goalkeeper,Goalkeeper,left,193.0,,100000.0,0.0,0.0,0.0,0.0,0.0,0.0
39518,Ben Turner,Cardiff City,1988-08-21,Defender,Centre-Back,left,193.0,,400000.0,0.0,0.0,0.0,0.0,0.0,0.0
39532,Victor Anichebe,Sunderland AFC,1988-04-23,Attack,Centre-Forward,right,190.0,,1000000.0,0.0,0.0,0.0,0.0,0.0,0.0
39679,Marouane Fellaini,Manchester United,1987-11-22,Midfield,Central Midfield,right,194.0,,1000000.0,0.0,0.0,0.0,0.0,0.0,0.0
39700,Mark Gower,Swansea City,1978-10-05,Midfield,Central Midfield,both,180.0,,250000.0,0.0,0.0,0.0,0.0,0.0,0.0
40043,Leon Britton,Swansea City,1982-09-16,Midfield,Central Midfield,right,167.0,,1000000.0,0.0,0.0,0.0,0.0,0.0,0.0
40611,Ryan Bertrand,Leicester City,1989-08-05,Defender,Left-Back,left,179.0,,500000.0,0.0,0.0,0.0,0.0,0.0,0.0
40612,Liam Bridcutt,Sunderland AFC,1989-05-08,Midfield,Defensive Midfield,right,175.0,,200000.0,0.0,0.0,0.0,0.0,0.0,0.0
40613,Jack Cork,Burnley FC,1989-06-25,Midfield,Defensive Midfield,right,185.0,,800000.0,0.0,0.0,0.0,0.0,0.0,0.0
40614,Shaun Cummings,Reading FC,1989-02-25,Defender,Right-Back,right,183.0,,300000.0,0.0,0.0,0.0,0.0,0.0,0.0
41416,James McArthur,Crystal Palace,1987-10-07,Midfield,Central Midfield,both,178.0,,400000.0,0.0,0.0,0.0,0.0,0.0,0.0
41665,Jonathan Parr,Crystal Palace,1988-10-21,Defender,Left-Back,both,182.0,,100000.0,0.0,0.0,0.0,0.0,0.0,0.0
42198,Sone Aluko,Hull City,1989-02-19,Attack,Right Winger,left,173.0,,150000.0,0.0,0.0,0.0,0.0,0.0,0.0
42284,Jay Tabb,Reading FC,1984-02-21,Midfield,Left Midfield,left,170.0,,400000.0,0.0,0.0,0.0,0.0,0.0,0.0
42298,Rhoys Wiggins,AFC Bournemouth,1987-11-04,Defender,Left-Back,left,173.0,,500000.0,0.0,0.0,0.0,0.0,0.0,0.0
42411,Fraizer Campbell,Crystal Palace,1987-09-13,Attack,Centre-Forward,right,172.0,,150000.0,0.0,0.0,0.0,0.0,0.0,0.0
42412,Jonny Evans,Manchester United,1988-01-03,Defender,Centre-Back,both,188.0,107.0,2000000.0,0.0,0.0,0.0,0.0,0.0,0.0
42413,Darron Gibson,Sunderland AFC,1987-10-25,Midfield,Central Midfield,right,183.0,,600000.0,0.0,0.0,0.0,0.0,0.0,0.0
42513,Gary Hooper,Norwich City,1988-01-26,Attack,Centre-Forward,right,177.0,,300000.0,0.0,0.0,0.0,0.0,0.0,0.0
42751,Roger Johnson,West Ham United,1983-04-28,Defender,Centre-Back,right,191.0,,250000.0,0.0,0.0,0.0,0.0,0.0,0.0
43084,Gaetano Berardi,Leeds United,1988-08-21,Defender,Right-Back,right,179.0,,50000.0,0.0,0.0,0.0,0.0,0.0,0.0
43193,Elliott Bennett,Norwich City,1988-12-18,Midfield,Right Midfield,right,179.0,,150000.0,0.0,0.0,0.0,0.0,0.0,0.0
43266,Stephen Quinn,Hull City,1986-04-01,Midfield,Central Midfield,left,168.0,,75000.0,0.0,0.0,0.0,0.0,0.0,0.0
43530,Adam Lallana,Southampton FC,1988-05-10,Midfield,Attacking Midfield,both,172.0,34.0,750000.0,0.0,0.0,0.0,0.0,0.0,0.0
43763,Erik Pieters,Burnley FC,1988-08-07,Defender,Centre-Back,left,183.0,,350000.0,0.0,0.0,0.0,0.0,0.0,0.0
43853,Chris Gunter,Reading FC,1989-07-21,Defender,Right-Back,right,180.0,,200000.0,0.0,0.0,0.0,0.0,0.0,0.0
44675,Bojan Krkic,Stoke City,1990-08-28,Attack,Second Striker,right,173.0,,500000.0,0.0,0.0,0.0,0.0,0.0,0.0
44741,Beram Kayal,Brighton & Hove Albion,1988-05-02,Midfield,Central Midfield,right,178.0,,300000.0,0.0,0.0,0.0,0.0,0.0,0.0
44779,Diego Costa,Wolverhampton Wanderers,1988-10-07,Attack,Centre-Forward,right,186.0,,2000000.0,0.0,0.0,0.0,0.0,0.0,0.0
44792,Kieran Gibbs,West Bromwich Albion,1989-09-26,Defender,Left-Back,left,181.0,,500000.0,0.0,0.0,0.0,0.0,0.0,0.0
44794,Henri Lansbury,Aston Villa,1990-10-12,Midfield,Central Midfield,right,183.0,,300000.0,0.0,0.0,0.0,0.0,0.0,0.0
44983,Dan Gosling,Watford FC,1990-02-01,Midfield,Central Midfield,right,180.0,,250000.0,0.0,0.0,0.0,0.0,0.0,0.0
45330,Claudio Yacob,West Bromwich Albion,1987-07-18,Midfield,Defensive Midfield,right,182.0,,150000.0,0.0,0.0,0.0,0.0,0.0,0.0
45395,Jonathan Howson,Norwich City,1988-05-21,Midfield,Central Midfield,right,180.0,,250000.0,0.0,0.0,0.0,0.0,0.0,0.0
45494,Wayne Hennessey,Nottingham Forest,1987-01-24,Goalkeeper,Goalkeeper,right,198.0,109.0,150000.0,0.0,0.0,0.0,0.0,0.0,0.0
45623,George Boyd,Burnley FC,1985-10-02,Attack,Left Winger,left,186.0,,1200000.0,0.0,0.0,0.0,0.0,0.0,0.0
45631,Aaron McLean,Hull City,1983-05-25,Attack,Centre-Forward,right,171.0,,400000.0,0.0,0.0,0.0,0.0,0.0,0.0
45693,Glenn Murray,Brighton & Hove Albion,1983-09-25,Attack,Centre-Forward,right,186.0,,300000.0,0.0,0.0,0.0,0.0,0.0,0.0
45760,Marco Stiepermann,Norwich City,1991-02-09,Midfield,Attacking Midfield,left,190.0,,250000.0,0.0,0.0,0.0,0.0,0.0,0.0
45861,Ryan Shawcross,Stoke City,1987-10-04,Defender,Centre-Back,right,191.0,,500000.0,0.0,0.0,0.0,0.0,0.0,0.0
45882,Fabri,Fulham FC,1987-12-31,Goalkeeper,Goalkeeper,,184.0,,100000.0,0.0,0.0,0.0,0.0,0.0,0.0
45921,Luke Daniels,West Bromwich Albion,1988-01-05,Goalkeeper,Goalkeeper,right,195.0,,150000.0,0.0,0.0,0.0,0.0,0.0,0.0
46154,Chris Martin,Norwich City,1988-11-04,Attack,Centre-Forward,right,184.0,,300000.0,0.0,0.0,0.0,0.0,0.0,0.0
46220,Pablo Hernández,Leeds United,1985-04-11,Midfield,Attacking Midfield,right,173.0,,100000.0,0.0,0.0,0.0,0.0,0.0,0.0
46831,Modibo Maïga,West Ham United,1987-09-03,Attack,Centre-Forward,left,185.0,,300000.0,0.0,0.0,0.0,0.0,0.0,0.0
47768,Alex Pearce,Reading FC,1988-11-09,Defender,Centre-Back,right,188.0,,50000.0,0.0,0.0,0.0,0.0,0.0,0.0
47995,Jason Puncheon,Huddersfield Town,1986-06-18,Midfield,Central Midfield,left,173.0,,300000.0,0.0,0.0,0.0,0.0,0.0,0.0
48002,Angelo Ogbonna,West Ham United,1988-05-23,Defender,Centre-Back,left,191.0,,700000.0,0.0,0.0,0.0,0.0,0.0,0.0
48066,Andy Carroll,Newcastle United,1989-01-06,Attack,Centre-Forward,left,193.0,,300000.0,0.0,0.0,0.0,0.0,0.0,0.0
48078,Sam Vokes,Burnley FC,1989-10-21,Attack,Centre-Forward,right,186.0,,275000.0,0.0,0.0,0.0,0.0,0.0,0.0
48411,Zoumana Bakayogo,Leicester City,1986-08-17,Defender,Left-Back,left,175.0,,200000.0,0.0,0.0,0.0,0.0,0.0,0.0
48950,Jordan Rhodes,Middlesbrough FC,1990-02-05,Attack,Centre-Forward,right,185.0,,300000.0,0.0,0.0,0.0,0.0,0.0,0.0
49101,Gary Taylor-Fletcher,Leicester City,1981-06-04,Attack,Right Winger,right,183.0,,500000.0,0.0,0.0,0.0,0.0,0.0,0.0
49319,Mark Bunn,Aston Villa,1984-11-16,Goalkeeper,Goalkeeper,right,183.0,,250000.0,0.0,0.0,0.0,0.0,0.0,0.0
49327,Bradley Johnson,Norwich City,1987-04-28,Midfield,Central Midfield,left,183.0,,100000.0,0.0,0.0,0.0,0.0,0.0,0.0
49409,James Perch,Newcastle United,1985-09-28,Midfield,Defensive Midfield,right,180.0,,75000.0,0.0,0.0,0.0,0.0,0.0,0.0
49501,Elias Kachunga,Huddersfield Town,1992-04-22,Attack,Centre-Forward,right,178.0,,300000.0,0.0,0.0,0.0,0.0,0.0,0.0
49542,Billy Sharp,Sheffield United,1986-02-05,Attack,Centre-Forward,right,175.0,,200000.0,0.0,0.0,0.0,0.0,0.0,0.0
49655,Rickie Lambert,West Bromwich Albion,1982-02-16,Attack,Centre-Forward,right,187.0,,1500000.0,0.0,0.0,0.0,0.0,0.0,0.0
49734,Jan Kirchhoff,Sunderland AFC,1990-10-01,Defender,Centre-Back,right,195.0,,275000.0,0.0,0.0,0.0,0.0,0.0,0.0
49755,Dale Stephens,Burnley FC,1989-06-12,Midfield,Central Midfield,right,185.0,,600000.0,0.0,0.0,0.0,0.0,0.0,0.0
50174,Danny Rose,Watford FC,1990-07-02,Defender,Left-Back,left,173.0,,500000.0,0.0,0.0,0.0,0.0,0.0,0.0
50362,Fabian Delph,Everton FC,1989-11-21,Midfield,Central Midfield,left,174.0,,1800000.0,0.0,0.0,0.0,0.0,0.0,0.0
50552,Dimitrios Konstantopoulos,Middlesbrough FC,1978-11-29,Goalkeeper,Goalkeeper,left,193.0,,100000.0,0.0,0.0,0.0,0.0,0.0,0.0
51088,Ignacio Scocco,Sunderland AFC,1985-05-29,Attack,Centre-Forward,right,176.0,,700000.0,0.0,0.0,0.0,0.0,0.0,0.0
51226,Carlos Sánchez,West Ham United,1986-02-06,Midfield,Defensive Midfield,left,182.0,,250000.0,0.0,0.0,0.0,0.0,0.0,0.0
51321,Darren Randolph,AFC Bournemouth,1987-05-12,Goalkeeper,Goalkeeper,right,187.0,,300000.0,0.0,0.0,0.0,0.0,0.0,0.0
51471,Mateo Kovacic,Manchester City,1994-05-06,Midfield,Central Midfield,right,178.0,117.0,10000000.0,6.0,0.0,1.0,126.0,0.0,0.0
51528,Bruno Saltor,Brighton & Hove Albion,1980-10-01,Defender,Right-Back,right,180.0,,750000.0,0.0,0.0,0.0,0.0,0.0,0.0
51536,Albert Crusat,Wigan Athletic,1982-05-13,Attack,Left Winger,left,160.0,,750000.0,0.0,0.0,0.0,0.0,0.0,0.0
51540,Henri Saivet,Newcastle United,1990-10-26,Midfield,Attacking Midfield,right,175.0,,500000.0,0.0,0.0,0.0,0.0,0.0,0.0
51716,Wellington Paulista,West Ham United,1983-04-22,Attack,Centre-Forward,right,180.0,,150000.0,0.0,0.0,0.0,0.0,0.0,0.0
52111,Jay Spearing,Liverpool FC,1988-11-25,Midfield,Defensive Midfield,right,168.0,,600000.0,0.0,0.0,0.0,0.0,0.0,0.0
52191,Stephen Henderson,Crystal Palace,1988-05-02,Goalkeeper,Goalkeeper,right,188.0,,300000.0,0.0,0.0,0.0,0.0,0.0,0.0
52432,Felipe Mattioni,Everton FC,1988-10-15,Defender,Right-Back,right,177.0,,500000.0,0.0,0.0,0.0,0.0,0.0,0.0
52495,Chris Basham,Sheffield United,1988-07-20,Defender,Centre-Back,right,190.0,,300000.0,0.0,0.0,0.0,0.0,0.0,0.0
52570,Fraser Forster,AFC Bournemouth,1988-03-17,Goalkeeper,Goalkeeper,right,201.0,6.0,400000.0,0.0,0.0,0.0,0.0,0.0,0.0
53231,Diego Cavalieri,Crystal Palace,1982-12-01,Goalkeeper,Goalkeeper,left,189.0,,200000.0,0.0,0.0,0.0,0.0,0.0,0.0
53360,Jay Rodríguez,Burnley FC,1989-07-29,Attack,Centre-Forward,right,185.0,,1000000.0,0.0,0.0,0.0,0.0,0.0,0.0
53622,İlkay Gündoğan,Manchester City,1990-10-24,Midfield,Central Midfield,right,180.0,82.0,2000000.0,0.0,0.0,0.0,0.0,0.0,0.0
54170,Ramires,Chelsea FC,1987-03-24,Midfield,Central Midfield,right,179.0,,300000.0,0.0,0.0,0.0,0.0,0.0,0.0
54275,André Santos,Arsenal FC,1983-03-08,Defender,Left-Back,left,180.0,,100000.0,0.0,0.0,0.0,0.0,0.0,0.0
54383,John Fleck,Sheffield United,1991-08-24,Midfield,Central Midfield,left,169.0,,900000.0,0.0,0.0,0.0,0.0,0.0,0.0
54576,Sebastián Blanco,West Bromwich Albion,1988-03-15,Midfield,Attacking Midfield,both,168.0,,600000.0,0.0,0.0,0.0,0.0,0.0,0.0
54890,Leonardo Ulloa,Leicester City,1986-07-26,Attack,Centre-Forward,right,188.0,,200000.0,0.0,0.0,0.0,0.0,0.0,0.0
55125,Chris Löwe,Huddersfield Town,1989-04-16,Defender,Left-Back,left,173.0,,150000.0,0.0,0.0,0.0,0.0,0.0,0.0
55709,Emmanuel Mayuka,Southampton FC,1990-11-21,Attack,Centre-Forward,right,178.0,,325000.0,0.0,0.0,0.0,0.0,0.0,0.0
55742,Harry Arter,Nottingham Forest,1989-12-28,Midfield,Central Midfield,left,177.0,,400000.0,0.0,0.0,0.0,0.0,0.0,0.0
56785,Elliot Grandin,Crystal Palace,1987-10-17,Midfield,Attacking Midfield,right,180.0,,150000.0,0.0,0.0,0.0,0.0,0.0,0.0
56829,Stéphane Zubar,AFC Bournemouth,1986-10-09,Defender,Centre-Back,right,187.0,,250000.0,0.0,0.0,0.0,0.0,0.0,0.0
57079,Jack Rodwell,Sheffield United,1991-03-11,Midfield,Defensive Midfield,right,188.0,,350000.0,0.0,0.0,0.0,0.0,0.0,0.0
57207,Jordon Mutch,Crystal Palace,1991-12-02,Midfield,Central Midfield,right,184.0,,175000.0,0.0,0.0,0.0,0.0,0.0,0.0
57410,Yann Kermorgant,AFC Bournemouth,1981-11-08,Attack,Centre-Forward,right,184.0,,400000.0,0.0,0.0,0.0,0.0,0.0,0.0
57423,Florin Gardos,Southampton FC,1988-10-29,Defender,Centre-Back,right,193.0,,350000.0,0.0,0.0,0.0,0.0,0.0,0.0
57488,Simon Dawkins,Aston Villa,1987-12-01,Attack,Left Winger,right,177.0,,75000.0,0.0,0.0,0.0,0.0,0.0,0.0
57842,Christopher Schindler,Huddersfield Town,1990-04-29,Defender,Centre-Back,right,188.0,,500000.0,0.0,0.0,0.0,0.0,0.0,0.0
58361,Wilson Palacios,Stoke City,1984-07-29,Midfield,Defensive Midfield,right,181.0,,750000.0,0.0,0.0,0.0,0.0,0.0,0.0
59558,Emilio Nsue,Middlesbrough FC,1989-09-30,Defender,Right-Back,right,181.0,,250000.0,0.0,0.0,0.0,0.0,0.0,0.0
59606,Craig Cathcart,Watford FC,1989-02-06,Defender,Centre-Back,right,189.0,,600000.0,0.0,0.0,0.0,0.0,0.0,0.0
60444,Thiago Alcántara,Liverpool FC,1991-04-11,Midfield,Central Midfield,right,174.0,,10000000.0,0.0,0.0,0.0,0.0,0.0,0.0
60591,Yannick Sagbo,Hull City,1988-04-12,Attack,Centre-Forward,right,183.0,,150000.0,0.0,0.0,0.0,0.0,0.0,0.0
61549,Sean Scannell,Huddersfield Town,1990-09-17,Attack,Right Winger,right,176.0,,75000.0,0.0,0.0,0.0,0.0,0.0,0.0
61559,Hope Akpan,Reading FC,1991-08-14,Midfield,Central Midfield,right,185.0,,300000.0,0.0,0.0,0.0,0.0,0.0,0.0
61560,Marc Albrighton,Leicester City,1989-11-18,Midfield,Right Midfield,right,175.0,,1000000.0,0.0,0.0,0.0,0.0,0.0,0.0
61561,Barry Bannan,Crystal Palace,1989-12-01,Midfield,Central Midfield,left,169.0,,300000.0,0.0,0.0,0.0,0.0,0.0,0.0
61568,Jack Collison,West Ham United,1988-10-02,Midfield,Central Midfield,right,183.0,,500000.0,0.0,0.0,0.0,0.0,0.0,0.0
61572,Chris Herd,Aston Villa,1989-04-04,Midfield,Defensive Midfield,right,188.0,,200000.0,0.0,0.0,0.0,0.0,0.0,0.0
61573,Jonathan Hogg,Huddersfield Town,1988-12-06,Midfield,Central Midfield,right,176.0,,250000.0,0.0,0.0,0.0,0.0,0.0,0.0
61583,Eunan O'Kane,Leeds United,1990-07-10,Midfield,Central Midfield,right,168.0,,200000.0,0.0,0.0,0.0,0.0,0.0,0.0
61592,James Tomkins,Crystal Palace,1989-03-29,Defender,Centre-Back,right,192.0,,700000.0,0.0,0.0,0.0,0.0,0.0,0.0
61644,Jack Colback,Nottingham Forest,1989-10-24,Midfield,Defensive Midfield,left,177.0,,600000.0,0.0,0.0,0.0,0.0,0.0,0.0
61651,Jordan Henderson,Brentford FC,1990-06-17,Midfield,Defensive Midfield,right,182.0,90.0,1200000.0,28.0,1.0,2.0,1670.0,6.0,0.0
61653,Conor Hourihane,Aston Villa,1991-02-02,Midfield,Central Midfield,left,181.0,,450000.0,0.0,0.0,0.0,0.0,0.0,0.0
61694,Neil Etheridge,Cardiff City,1990-02-07,Goalkeeper,Goalkeeper,right,188.0,,500000.0,0.0,0.0,0.0,0.0,0.0,0.0
61697,Wes Foderingham,West Ham United,1991-01-14,Goalkeeper,Goalkeeper,left,185.0,3.0,450000.0,0.0,0.0,0.0,0.0,0.0,0.0
61711,Callum McManaman,West Bromwich Albion,1991-04-25,Attack,Right Winger,right,174.0,,300000.0,0.0,0.0,0.0,0.0,0.0,0.0
61814,David Button,West Bromwich Albion,1989-02-27,Goalkeeper,Goalkeeper,right,191.0,,250000.0,0.0,0.0,0.0,0.0,0.0,0.0
61819,Charlie Daniels,AFC Bournemouth,1986-09-07,Defender,Left-Back,left,178.0,,1600000.0,0.0,0.0,0.0,0.0,0.0,0.0
61823,Tommy Forecast,Southampton FC,1986-10-15,Goalkeeper,Goalkeeper,,198.0,,50000.0,0.0,0.0,0.0,0.0,0.0,0.0
61832,Jake Livermore,West Bromwich Albion,1989-11-14,Midfield,Defensive Midfield,right,180.0,,500000.0,0.0,0.0,0.0,0.0,0.0,0.0
61834,Ryan Mason,Hull City,1991-06-13,Midfield,Central Midfield,right,175.0,,7000000.0,0.0,0.0,0.0,0.0,0.0,0.0
61841,Adam Smith,AFC Bournemouth,1991-04-29,Defender,Right-Back,right,174.0,12.0,300000.0,19.0,0.0,2.0,874.0,3.0,0.0
62008,Stefan Johansen,Fulham FC,1991-01-08,Midfield,Central Midfield,left,182.0,,600000.0,0.0,0.0,0.0,0.0,0.0,0.0
62052,Shane Ferguson,Newcastle United,1991-07-12,Midfield,Left Midfield,left,175.0,,300000.0,0.0,0.0,0.0,0.0,0.0,0.0
62054,Vegard Forren,Southampton FC,1988-02-16,Defender,Centre-Back,left,186.0,,25000.0,0.0,0.0,0.0,0.0,0.0,0.0
62240,Maynor Figueroa,Hull City,1983-05-02,Defender,Left-Back,left,182.0,,100000.0,0.0,0.0,0.0,0.0,0.0,0.0
62638,Nathan Baker,Aston Villa,1991-04-23,Defender,Centre-Back,left,189.0,,1500000.0,0.0,0.0,0.0,0.0,0.0,0.0
62642,Nathan Delfouneso,Aston Villa,1991-02-02,Attack,Centre-Forward,right,186.0,,250000.0,0.0,0.0,0.0,0.0,0.0,0.0
62688,Scott Dann,Crystal Palace,1987-02-14,Defender,Centre-Back,right,194.0,,200000.0,0.0,0.0,0.0,0.0,0.0,0.0
62947,Tomás Mejías,Middlesbrough FC,1989-01-30,Goalkeeper,Goalkeeper,right,195.0,,150000.0,0.0,0.0,0.0,0.0,0.0,0.0
63200,Ashley Barnes,Burnley FC,1989-10-30,Attack,Centre-Forward,right,185.0,1.0,150000.0,7.0,0.0,0.0,41.0,1.0,0.0
63285,Kagisho Dikgacoi,Crystal Palace,1984-11-24,Midfield,Central Midfield,right,183.0,,850000.0,0.0,0.0,0.0,0.0,0.0,0.0
63824,Libor Kozak,Aston Villa,1989-05-30,Attack,Centre-Forward,right,193.0,,275000.0,0.0,0.0,0.0,0.0,0.0,0.0
65255,Timm Klose,Norwich City,1988-05-09,Defender,Centre-Back,right,195.0,,300000.0,0.0,0.0,0.0,0.0,0.0,0.0
65477,Troy Deeney,Watford FC,1988-06-29,Attack,Centre-Forward,right,184.0,,400000.0,0.0,0.0,0.0,0.0,0.0,0.0
65976,Hal Robson-Kanu,West Bromwich Albion,1989-05-21,Attack,Centre-Forward,left,183.0,,1500000.0,0.0,0.0,0.0,0.0,0.0,0.0
66219,Kyle Naughton,Swansea City,1988-11-17,Defender,Right-Back,right,181.0,,300000.0,0.0,0.0,0.0,0.0,0.0,0.0
66333,Ahmed Elmohamady,Aston Villa,1987-09-09,Defender,Right-Back,right,182.0,,1500000.0,0.0,0.0,0.0,0.0,0.0,0.0
66518,Rene Gilmartin,Watford FC,1987-05-31,Goalkeeper,Goalkeeper,,197.0,,100000.0,0.0,0.0,0.0,0.0,0.0,0.0
66550,Ángel Rangel,Swansea City,1982-11-28,Defender,Right-Back,right,188.0,,300000.0,0.0,0.0,0.0,0.0,0.0,0.0
66923,Luke Freeman,Sheffield United,1992-03-22,Midfield,Attacking Midfield,left,176.0,,500000.0,0.0,0.0,0.0,0.0,0.0,0.0
66934,Cheikhou Kouyaté,Nottingham Forest,1989-12-21,Midfield,Defensive Midfield,right,189.0,,1000000.0,0.0,0.0,0.0,0.0,0.0,0.0
66994,Gary Madine,Cardiff City,1990-08-24,Attack,Centre-Forward,right,191.0,,250000.0,0.0,0.0,0.0,0.0,0.0,0.0
67063,Danny Welbeck,Brighton & Hove Albion,1990-11-26,Attack,Centre-Forward,right,185.0,42.0,3000000.0,33.0,13.0,1.0,2027.0,5.0,0.0
67202,Aaron Wilbraham,Crystal Palace,1979-10-21,Attack,Centre-Forward,right,191.0,,100000.0,0.0,0.0,0.0,0.0,0.0,0.0
67211,Sam Baldock,Brighton & Hove Albion,1989-03-15,Attack,Centre-Forward,right,170.0,,100000.0,0.0,0.0,0.0,0.0,0.0,0.0
67232,Mark Oxley,Hull City,1990-09-28,Goalkeeper,Goalkeeper,right,190.0,,150000.0,0.0,0.0,0.0,0.0,0.0,0.0
67252,Ryan Bennett,Leicester City,1990-03-06,Defender,Centre-Back,right,188.0,,250000.0,0.0,0.0,0.0,0.0,0.0,0.0
67283,Ben Hamer,Huddersfield Town,1987-11-20,Goalkeeper,Goalkeeper,right,193.0,,200000.0,0.0,0.0,0.0,0.0,0.0,0.0
67322,Anthony Pilkington,Norwich City,1988-06-06,Attack,Left Winger,both,181.0,,250000.0,0.0,0.0,0.0,0.0,0.0,0.0
67339,David Stockdale,Fulham FC,1985-09-20,Goalkeeper,Goalkeeper,right,190.0,,100000.0,0.0,0.0,0.0,0.0,0.0,0.0
67346,Marc Tierney,Norwich City,1985-08-23,Defender,Left-Back,left,183.0,,400000.0,0.0,0.0,0.0,0.0,0.0,0.0
67355,Ashley Williams,Everton FC,1984-08-23,Defender,Centre-Back,right,183.0,,800000.0,0.0,0.0,0.0,0.0,0.0,0.0
67369,Nick Blackman,Reading FC,1989-11-11,Attack,Centre-Forward,left,188.0,,300000.0,0.0,0.0,0.0,0.0,0.0,0.0
67416,Neil Taylor,Aston Villa,1989-02-07,Defender,Left-Back,left,176.0,,500000.0,0.0,0.0,0.0,0.0,0.0,0.0
67420,Luke Ayling,Leeds United,1991-08-25,Defender,Right-Back,right,183.0,,1800000.0,0.0,0.0,0.0,0.0,0.0,0.0
67421,Kyle Bartley,West Bromwich Albion,1991-05-22,Defender,Centre-Back,right,194.0,,600000.0,0.0,0.0,0.0,0.0,0.0,0.0
67431,Michal Zyro,Wolverhampton Wanderers,1992-09-20,Attack,Centre-Forward,left,189.0,,100000.0,0.0,0.0,0.0,0.0,0.0,0.0
68183,David Meyler,Hull City,1989-05-29,Midfield,Central Midfield,right,189.0,,1000000.0,0.0,0.0,0.0,0.0,0.0,0.0
68390,Séamus Coleman,Everton FC,1988-10-11,Defender,Right-Back,right,177.0,81.0,200000.0,4.0,0.0,0.0,19.0,0.0,0.0
69001,Giedrius Arlauskis,Watford FC,1987-12-01,Goalkeeper,Goalkeeper,left,191.0,,200000.0,0.0,0.0,0.0,0.0,0.0,0.0
69653,Garath McCleary,Reading FC,1987-05-15,Attack,Right Winger,right,187.0,,125000.0,0.0,0.0,0.0,0.0,0.0,0.0
69912,Joel Ekstrand,Watford FC,1989-02-04,Defender,Centre-Back,right,188.0,,100000.0,0.0,0.0,0.0,0.0,0.0,0.0
70950,Mohamed Diamé,Newcastle United,1987-06-14,Midfield,Central Midfield,right,184.0,,200000.0,0.0,0.0,0.0,0.0,0.0,0.0
71020,Luciano Becchio,Norwich City,1983-12-28,Attack,Centre-Forward,left,187.0,,250000.0,0.0,0.0,0.0,0.0,0.0,0.0
71096,Róger Espinoza,Wigan Athletic,1986-10-25,Midfield,Central Midfield,left,178.0,,150000.0,0.0,0.0,0.0,0.0,0.0,0.0
71107,Brek Shea,Stoke City,1990-02-28,Midfield,Left Midfield,left,190.0,,300000.0,0.0,0.0,0.0,0.0,0.0,0.0
72476,Bernd Leno,Fulham FC,1992-03-04,Goalkeeper,Goalkeeper,right,190.0,9.0,6000000.0,34.0,0.0,0.0,3060.0,3.0,0.0
73067,Adam Clayton,Middlesbrough FC,1989-01-14,Midfield,Central Midfield,right,175.0,,175000.0,0.0,0.0,0.0,0.0,0.0,0.0
73472,Ben Amos,Manchester United,1990-04-10,Goalkeeper,Goalkeeper,right,193.0,,300000.0,0.0,0.0,0.0,0.0,0.0,0.0
73482,James Chester,Aston Villa,1989-01-23,Defender,Centre-Back,right,177.0,,100000.0,0.0,0.0,0.0,0.0,0.0,0.0
73484,Tom Cleverley,Watford FC,1989-08-12,Midfield,Central Midfield,right,175.0,,400000.0,0.0,0.0,0.0,0.0,0.0,0.0
73491,Danny Drinkwater,Chelsea FC,1990-03-05,Midfield,Central Midfield,right,178.0,,400000.0,0.0,0.0,0.0,0.0,0.0,0.0
73492,Joe Dudgeon,Hull City,1990-11-26,Defender,Left-Back,left,178.0,,500000.0,0.0,0.0,0.0,0.0,0.0,0.0
73522,Matty James,Leicester City,1991-07-22,Midfield,Central Midfield,right,181.0,,800000.0,0.0,0.0,0.0,0.0,0.0,0.0
73547,Oliver Norwood,Sheffield United,1991-04-12,Midfield,Central Midfield,right,175.0,,1000000.0,0.0,0.0,0.0,0.0,0.0,0.0
73564,Jason Steele,Brighton & Hove Albion,1990-08-18,Goalkeeper,Goalkeeper,right,188.0,0.0,500000.0,0.0,0.0,0.0,0.0,0.0,0.0
73566,Cameron Stewart,Hull City,1991-04-08,Attack,Left Winger,right,172.0,,250000.0,0.0,0.0,0.0,0.0,0.0,0.0
74088,Declan Rudd,Norwich City,1991-01-16,Goalkeeper,Goalkeeper,right,191.0,,800000.0,0.0,0.0,0.0,0.0,0.0,0.0
74230,Pablo Sarabia,Wolverhampton Wanderers,1992-05-11,Midfield,Attacking Midfield,left,174.0,27.0,4000000.0,0.0,0.0,0.0,0.0,0.0,0.0
74300,Luka Milivojevic,Crystal Palace,1991-04-07,Midfield,Defensive Midfield,right,186.0,,2000000.0,0.0,0.0,0.0,0.0,0.0,0.0
74768,Adlène Guédioura,Middlesbrough FC,1985-11-12,Midfield,Central Midfield,right,178.0,,100000.0,0.0,0.0,0.0,0.0,0.0,0.0
74810,Ben Mee,Brentford FC,1989-09-21,Defender,Centre-Back,left,180.0,2.0,1000000.0,0.0,0.0,0.0,0.0,0.0,0.0
74943,Juraj Kucka,Watford FC,1987-02-26,Midfield,Central Midfield,right,186.0,,1200000.0,0.0,0.0,0.0,0.0,0.0,0.0
74960,Martin Dúbravka,Burnley FC,1989-01-15,Goalkeeper,Goalkeeper,right,191.0,60.0,500000.0,32.0,0.0,0.0,2880.0,1.0,0.0
75067,Liam Cooper,Leeds United,1991-08-30,Defender,Centre-Back,left,186.0,,1800000.0,0.0,0.0,0.0,0.0,0.0,0.0
75489,Niclas Füllkrug,West Ham United,1993-02-09,Attack,Centre-Forward,right,189.0,24.0,3500000.0,5.0,0.0,0.0,210.0,0.0,0.0
76799,Miguel Britos,Watford FC,1985-07-17,Defender,Centre-Back,left,189.0,,2000000.0,0.0,0.0,0.0,0.0,0.0,0.0
77274,Matt Phillips,West Bromwich Albion,1991-03-13,Attack,Right Winger,right,183.0,,800000.0,0.0,0.0,0.0,0.0,0.0,0.0
77329,Will Buckley,Sunderland AFC,1989-11-21,Attack,Right Winger,,183.0,,800000.0,0.0,0.0,0.0,0.0,0.0,0.0
77544,George Friend,Middlesbrough FC,1987-10-19,Defender,Left-Back,left,188.0,,150000.0,0.0,0.0,0.0,0.0,0.0,0.0
77559,Dean Moxey,Crystal Palace,1986-01-14,Defender,Left-Back,left,180.0,,400000.0,0.0,0.0,0.0,0.0,0.0,0.0
77757,Thomas Kaminski,Luton Town,1992-10-23,Goalkeeper,Goalkeeper,,190.0,,3000000.0,0.0,0.0,0.0,0.0,0.0,0.0
77760,Victor Wanyama,Tottenham Hotspur,1991-06-25,Midfield,Defensive Midfield,right,184.0,,2500000.0,0.0,0.0,0.0,0.0,0.0,0.0
78959,Martin Kelly,Crystal Palace,1990-04-27,Defender,Right-Back,right,191.0,,300000.0,0.0,0.0,0.0,0.0,0.0,0.0
78966,Daniel Ayala,Middlesbrough FC,1990-11-07,Defender,Centre-Back,right,190.0,,450000.0,0.0,0.0,0.0,0.0,0.0,0.0
79723,Sean Morrison,Cardiff City,1991-01-08,Defender,Centre-Back,right,194.0,,900000.0,0.0,0.0,0.0,0.0,0.0,0.0
80435,Korey Smith,Norwich City,1991-01-31,Midfield,Central Midfield,right,183.0,,400000.0,0.0,0.0,0.0,0.0,0.0,0.0
81202,Craig Noone,Cardiff City,1987-11-17,Attack,Right Winger,left,173.0,,300000.0,0.0,0.0,0.0,0.0,0.0,0.0
81793,Tadanari Lee,Southampton FC,1985-12-19,Attack,Centre-Forward,left,182.0,,150000.0,0.0,0.0,0.0,0.0,0.0,0.0
81876,Joseph Mills,Reading FC,1989-10-30,Defender,Left-Back,left,175.0,,300000.0,0.0,0.0,0.0,0.0,0.0,0.0
82105,Joel Matip,Liverpool FC,1991-08-08,Defender,Centre-Back,right,195.0,,8000000.0,0.0,0.0,0.0,0.0,0.0,0.0
82215,Bongani Khumalo,Tottenham Hotspur,1987-01-06,Defender,Centre-Back,right,189.0,,300000.0,0.0,0.0,0.0,0.0,0.0,0.0
82243,Moritz Leitner,Norwich City,1992-12-08,Midfield,Central Midfield,right,178.0,,200000.0,0.0,0.0,0.0,0.0,0.0,0.0
83430,Albert Adomah,Middlesbrough FC,1987-12-13,Attack,Right Winger,right,185.0,,250000.0,0.0,0.0,0.0,0.0,0.0,0.0
85177,Nathaniel Clyne,Crystal Palace,1991-04-05,Defender,Right-Back,right,175.0,14.0,300000.0,9.0,0.0,1.0,593.0,1.0,0.0
85475,Federico Fernández,Newcastle United,1989-02-21,Defender,Centre-Back,right,190.0,,500000.0,0.0,0.0,0.0,0.0,0.0,0.0
85706,Enda Stevens,Sheffield United,1990-07-09,Defender,Left-Back,left,183.0,,600000.0,0.0,0.0,0.0,0.0,0.0,0.0
85864,Loris Karius,Newcastle United,1993-06-22,Goalkeeper,Goalkeeper,right,191.0,,1000000.0,0.0,0.0,0.0,0.0,0.0,0.0
85928,Danny Lafferty,Burnley FC,1989-05-18,Defender,Left-Back,left,182.0,,50000.0,0.0,0.0,0.0,0.0,0.0,0.0
85935,James McClean,West Bromwich Albion,1989-04-22,Midfield,Left Midfield,left,180.0,,500000.0,0.0,0.0,0.0,0.0,0.0,0.0
85941,Stefan Ortega,Manchester City,1992-11-06,Goalkeeper,Goalkeeper,right,185.0,0.0,4000000.0,3.0,0.0,0.0,270.0,0.0,0.0
86643,Thomas Eisfeld,Arsenal FC,1993-01-18,Midfield,Central Midfield,right,177.0,,250000.0,0.0,0.0,0.0,0.0,0.0,0.0
87422,Valentin Roberge,Sunderland AFC,1987-06-09,Defender,Centre-Back,left,189.0,,300000.0,0.0,0.0,0.0,0.0,0.0,0.0
87672,Junior Stanislas,AFC Bournemouth,1989-11-26,Attack,Left Winger,right,183.0,,500000.0,0.0,0.0,0.0,0.0,0.0,0.0
88067,Alejandro Faurlín,Queens Park Rangers,1986-08-09,Midfield,Central Midfield,left,185.0,,50000.0,0.0,0.0,0.0,0.0,0.0,0.0
88709,Luca Scapuzzi,Manchester City,1991-04-15,Attack,Left Winger,right,182.0,,175000.0,0.0,0.0,0.0,0.0,0.0,0.0
88750,Nile Ranger,Newcastle United,1991-04-11,Attack,Centre-Forward,right,188.0,,250000.0,0.0,0.0,0.0,0.0,0.0,0.0
88971,Jonathan Kodjia,Aston Villa,1989-10-22,Attack,Centre-Forward,right,189.0,,400000.0,0.0,0.0,0.0,0.0,0.0,0.0
89648,David Cornell,Swansea City,1991-03-28,Goalkeeper,Goalkeeper,right,186.0,,250000.0,0.0,0.0,0.0,0.0,0.0,0.0
90273,Román Golobart,Wigan Athletic,1992-03-21,Defender,Centre-Back,right,193.0,,100000.0,0.0,0.0,0.0,0.0,0.0,0.0
90836,Steve Cook,Nottingham Forest,1991-04-19,Defender,Centre-Back,right,185.0,,1800000.0,0.0,0.0,0.0,0.0,0.0,0.0
90964,Joe Bennett,Cardiff City,1990-03-28,Defender,Left-Back,left,178.0,,300000.0,0.0,0.0,0.0,0.0,0.0,0.0
91286,John Brayford,Cardiff City,1987-12-29,Defender,Right-Back,right,173.0,,100000.0,0.0,0.0,0.0,0.0,0.0,0.0
91330,Conor Henderson,Hull City,1991-09-08,Midfield,Defensive Midfield,left,183.0,,150000.0,0.0,0.0,0.0,0.0,0.0,0.0
91340,James Shea,Luton Town,1991-06-16,Goalkeeper,Goalkeeper,,185.0,,200000.0,0.0,0.0,0.0,0.0,0.0,0.0
92109,Ryan Shotton,Stoke City,1988-09-30,Defender,Centre-Back,right,189.0,,400000.0,0.0,0.0,0.0,0.0,0.0,0.0
92381,Sammy Ameobi,Newcastle United,1992-05-01,Attack,Left Winger,left,190.0,,250000.0,0.0,0.0,0.0,0.0,0.0,0.0
92469,Matt Ritchie,Newcastle United,1989-09-10,Midfield,Right Midfield,left,173.0,,1000000.0,0.0,0.0,0.0,0.0,0.0,0.0
92571,Aaron Cresswell,West Ham United,1989-12-15,Defender,Left-Back,left,170.0,3.0,450000.0,0.0,0.0,0.0,0.0,0.0,0.0
92572,Joel Ward,Crystal Palace,1989-10-29,Defender,Right-Back,right,186.0,,300000.0,0.0,0.0,0.0,0.0,0.0,0.0
93145,Adama Diomande,Hull City,1990-02-14,Attack,Centre-Forward,right,183.0,,200000.0,0.0,0.0,0.0,0.0,0.0,0.0
93626,Stuart O'Keefe,Cardiff City,1991-03-04,Midfield,Central Midfield,right,173.0,,100000.0,0.0,0.0,0.0,0.0,0.0,0.0
94655,Jordan Bowery,Aston Villa,1991-07-02,Attack,Centre-Forward,right,185.0,,175000.0,0.0,0.0,0.0,0.0,0.0,0.0
95424,Kyle Walker,Burnley FC,1990-05-28,Defender,Right-Back,right,183.0,96.0,1500000.0,33.0,0.0,2.0,2827.0,8.0,0.0
95435,Connor Wickham,Crystal Palace,1993-03-31,Attack,Centre-Forward,right,189.0,,400000.0,0.0,0.0,0.0,0.0,0.0,0.0
95795,Václav Hladký,Burnley FC,1990-11-14,Goalkeeper,Goalkeeper,right,192.0,1.0,150000.0,0.0,0.0,0.0,0.0,0.0,0.0
95810,Kieran Trippier,Newcastle United,1990-09-19,Defender,Right-Back,right,173.0,54.0,1500000.0,17.0,0.0,1.0,1275.0,3.0,0.0
95976,Alex McCarthy,Southampton FC,1989-12-03,Goalkeeper,Goalkeeper,right,193.0,1.0,300000.0,0.0,0.0,0.0,0.0,0.0,0.0
98240,Ciaran Clark,Newcastle United,1989-09-26,Defender,Centre-Back,left,185.0,,600000.0,0.0,0.0,0.0,0.0,0.0,0.0
99331,Jannik Vestergaard,Leicester City,1992-08-03,Defender,Centre-Back,both,199.0,59.0,1000000.0,0.0,0.0,0.0,0.0,0.0,0.0
99397,Karl Darlow,Leeds United,1990-10-08,Goalkeeper,Goalkeeper,right,190.0,15.0,200000.0,21.0,0.0,0.0,1890.0,1.0,0.0
101682,Scott Malone,Huddersfield Town,1991-03-25,Defender,Left-Back,left,189.0,,700000.0,0.0,0.0,0.0,0.0,0.0,0.0
102258,Matthew Lowton,Burnley FC,1989-06-09,Defender,Right-Back,right,180.0,,250000.0,0.0,0.0,0.0,0.0,0.0,0.0
102382,Michael Hefele,Huddersfield Town,1990-09-01,Defender,Centre-Back,right,192.0,,300000.0,0.0,0.0,0.0,0.0,0.0,0.0
103261,Jérémy Hélan,Manchester City,1992-05-09,Midfield,Left Midfield,left,181.0,,500000.0,0.0,0.0,0.0,0.0,0.0,0.0
103487,Dean Parrett,Tottenham Hotspur,1991-11-16,Midfield,Central Midfield,right,175.0,,50000.0,0.0,0.0,0.0,0.0,0.0,0.0
104495,Lyle Taylor,Nottingham Forest,1990-03-29,Attack,Centre-Forward,right,188.0,,300000.0,0.0,0.0,0.0,0.0,0.0,0.0
104586,Lee Tomlin,Cardiff City,1989-01-12,Attack,Second Striker,right,180.0,,350000.0,0.0,0.0,0.0,0.0,0.0,0.0
104725,Steve Morison,Norwich City,1983-08-29,Attack,Centre-Forward,right,188.0,,250000.0,0.0,0.0,0.0,0.0,0.0,0.0
104941,Gedo,Hull City,1984-10-30,Attack,Centre-Forward,right,184.0,,150000.0,0.0,0.0,0.0,0.0,0.0,0.0
104962,Filip Orsula,Wigan Athletic,1993-02-25,Defender,Right-Back,right,183.0,,100000.0,0.0,0.0,0.0,0.0,0.0,0.0
105470,Alisson,Liverpool FC,1992-10-02,Goalkeeper,Goalkeeper,right,193.0,83.0,15000000.0,23.0,0.0,0.0,2070.0,1.0,0.0
107350,Fraser Fyvie,Wigan Athletic,1993-03-27,Midfield,Central Midfield,right,172.0,,200000.0,0.0,0.0,0.0,0.0,0.0,0.0
107427,Ikechi Anya,Watford FC,1988-01-03,Midfield,Left Midfield,both,166.0,,300000.0,0.0,0.0,0.0,0.0,0.0,0.0
107617,Dionatan Teixeira,Stoke City,1992-07-24,Defender,Centre-Back,left,193.0,,500000.0,0.0,0.0,0.0,0.0,0.0,0.0
108354,Jordan Ayew,Leicester City,1991-09-11,Attack,Centre-Forward,right,182.0,119.0,1800000.0,0.0,0.0,0.0,0.0,0.0,0.0
108471,Csaba Somogyi,Fulham FC,1985-04-07,Goalkeeper,Goalkeeper,right,190.0,,50000.0,0.0,0.0,0.0,0.0,0.0,0.0
108725,Chris Wood,Nottingham Forest,1991-12-07,Attack,Centre-Forward,right,191.0,93.0,5000000.0,11.0,1.0,0.0,607.0,0.0,0.0
108878,Adam Matthews,Sunderland AFC,1992-01-13,Defender,Right-Back,right,178.0,,400000.0,0.0,0.0,0.0,0.0,0.0,0.0
109751,Onel Hernández,Norwich City,1993-02-01,Attack,Left Winger,right,172.0,,1000000.0,0.0,0.0,0.0,0.0,0.0,0.0
110670,Florent Cuvelier,Stoke City,1992-09-12,Midfield,Central Midfield,,175.0,,150000.0,0.0,0.0,0.0,0.0,0.0,0.0
110798,Marnick Vermijl,Manchester United,1992-01-13,Defender,Left-Back,right,180.0,,375000.0,0.0,0.0,0.0,0.0,0.0,0.0
110860,Luke Garbutt,Everton FC,1993-05-21,Defender,Left-Back,left,180.0,,300000.0,0.0,0.0,0.0,0.0,0.0,0.0
110861,Gary Gardner,Aston Villa,1992-06-29,Midfield,Central Midfield,right,186.0,,600000.0,0.0,0.0,0.0,0.0,0.0,0.0
110863,James Hurst,West Bromwich Albion,1992-01-31,Defender,Centre-Back,right,183.0,,75000.0,0.0,0.0,0.0,0.0,0.0,0.0
110864,Sam Johnstone,Wolverhampton Wanderers,1993-03-25,Goalkeeper,Goalkeeper,right,193.0,4.0,2000000.0,11.0,0.0,0.0,990.0,0.0,0.0
110867,Jed Steer,Aston Villa,1992-09-23,Goalkeeper,Goalkeeper,left,183.0,,400000.0,0.0,0.0,0.0,0.0,0.0,0.0
111051,Nampalys Mendy,Watford FC,1992-06-23,Midfield,Defensive Midfield,right,168.0,35.0,700000.0,0.0,0.0,0.0,0.0,0.0,0.0
111059,Darnel Situ,Swansea City,1992-03-18,Defender,Centre-Back,right,187.0,,50000.0,0.0,0.0,0.0,0.0,0.0,0.0
111073,Ryan Allsop,AFC Bournemouth,1992-06-17,Goalkeeper,Goalkeeper,right,189.0,,900000.0,0.0,0.0,0.0,0.0,0.0,0.0
111114,Kevin Long,Burnley FC,1990-08-18,Defender,Centre-Back,right,188.0,,500000.0,0.0,0.0,0.0,0.0,0.0,0.0
111195,Joël Veltman,Brighton & Hove Albion,1992-01-15,Defender,Right-Back,right,184.0,28.0,1500000.0,22.0,1.0,0.0,870.0,4.0,0.0
111419,Sead Hajrovic,Arsenal FC,1993-06-04,Defender,Centre-Back,right,184.0,,250000.0,0.0,0.0,0.0,0.0,0.0,0.0
111422,Neeskens Kebano,Fulham FC,1992-03-10,Attack,Left Winger,right,170.0,,2000000.0,0.0,0.0,0.0,0.0,0.0,0.0
111455,Granit Xhaka,Sunderland AFC,1992-09-27,Midfield,Defensive Midfield,left,183.0,151.0,8000000.0,30.0,1.0,5.0,2541.0,7.0,0.0
111873,Emiliano Martínez,Aston Villa,1992-09-02,Goalkeeper,Goalkeeper,right,195.0,64.0,12000000.0,30.0,0.0,1.0,2655.0,2.0,0.0
112617,Philip Heise,Norwich City,1991-06-20,Defender,Left-Back,left,184.0,,600000.0,0.0,0.0,0.0,0.0,0.0,0.0
112668,Tomer Hemed,Brighton & Hove Albion,1987-05-02,Attack,Centre-Forward,right,182.0,,200000.0,0.0,0.0,0.0,0.0,0.0,0.0
113036,Romaine Sawyers,West Bromwich Albion,1991-11-02,Midfield,Attacking Midfield,right,175.0,,1000000.0,0.0,0.0,0.0,0.0,0.0,0.0
114093,Greg Cunningham,Cardiff City,1991-01-31,Defender,Left-Back,left,183.0,,300000.0,0.0,0.0,0.0,0.0,0.0,0.0
114116,Richie Towell,Brighton & Hove Albion,1991-07-17,Midfield,Central Midfield,right,179.0,,200000.0,0.0,0.0,0.0,0.0,0.0,0.0
116648,Marcus Bettinelli,Manchester City,1992-05-24,Goalkeeper,Goalkeeper,right,193.0,0.0,300000.0,0.0,0.0,0.0,0.0,0.0,0.0
116655,Alex Smith,Fulham FC,1991-10-31,Midfield,Central Midfield,left,177.0,,50000.0,0.0,0.0,0.0,0.0,0.0,0.0
117996,Phil Jones,Manchester United,1992-02-21,Defender,Centre-Back,right,185.0,,1000000.0,0.0,0.0,0.0,0.0,0.0,0.0
118534,Michael Keane,Everton FC,1993-01-11,Defender,Centre-Back,right,188.0,12.0,3000000.0,29.0,3.0,1.0,2230.0,1.0,0.0
118535,Will Keane,Hull City,1993-01-11,Attack,Centre-Forward,right,188.0,,1000000.0,0.0,0.0,0.0,0.0,0.0,0.0
119164,Ezequiel Schelotto,Brighton & Hove Albion,1989-05-23,Defender,Right-Back,right,187.0,,50000.0,0.0,0.0,0.0,0.0,0.0,0.0
119269,Shane Duffy,Fulham FC,1992-01-01,Defender,Centre-Back,right,193.0,,2000000.0,0.0,0.0,0.0,0.0,0.0,0.0
119553,Jack Grimmer,Fulham FC,1994-01-25,Defender,Right-Back,right,184.0,,300000.0,0.0,0.0,0.0,0.0,0.0,0.0
120186,Daniel Bachmann,Watford FC,1994-07-09,Goalkeeper,Goalkeeper,right,191.0,,3000000.0,0.0,0.0,0.0,0.0,0.0,0.0
120241,Jazz Richards,Cardiff City,1991-04-12,Defender,Right-Back,right,174.0,,50000.0,0.0,0.0,0.0,0.0,0.0,0.0
120629,Alphonse Areola,West Ham United,1993-02-27,Goalkeeper,Goalkeeper,right,195.0,5.0,4000000.0,20.0,0.0,1.0,1800.0,0.0,0.0
120706,Joe Mason,Cardiff City,1991-05-13,Attack,Centre-Forward,right,178.0,,150000.0,0.0,0.0,0.0,0.0,0.0,0.0
121223,Kwesi Appiah,Crystal Palace,1990-08-12,Attack,Centre-Forward,right,180.0,,100000.0,0.0,0.0,0.0,0.0,0.0,0.0
121232,Callum Driver,West Ham United,1992-10-23,Defender,Right-Back,right,173.0,,,0.0,0.0,0.0,0.0,0.0,0.0
121236,Rob Hall,West Ham United,1993-10-20,Attack,Right Winger,left,173.0,,325000.0,0.0,0.0,0.0,0.0,0.0,0.0
121254,Adam Davies,Sheffield United,1992-07-17,Goalkeeper,Goalkeeper,right,185.0,6.0,200000.0,0.0,0.0,0.0,0.0,0.0,0.0
121257,Adam Forshaw,Leeds United,1991-10-08,Midfield,Central Midfield,right,175.0,,1200000.0,0.0,0.0,0.0,0.0,0.0,0.0
121269,Ryan Watson,Leicester City,1993-07-07,Midfield,Defensive Midfield,right,185.0,,150000.0,0.0,0.0,0.0,0.0,0.0,0.0
121279,Tom Carroll,Swansea City,1992-05-28,Midfield,Central Midfield,left,177.0,,1000000.0,0.0,0.0,0.0,0.0,0.0,0.0
121324,John Egan,Hull City,1992-10-20,Defender,Centre-Back,right,185.0,38.0,1000000.0,0.0,0.0,0.0,0.0,0.0,0.0
121327,Matthew Fletcher,Hull City,1992-06-01,Attack,Centre-Forward,both,181.0,,150000.0,0.0,0.0,0.0,0.0,0.0,0.0
121335,Liam Marrs,Sunderland AFC,1992-11-26,Defender,Right-Back,right,175.0,,250000.0,0.0,0.0,0.0,0.0,0.0,0.0
121388,Jake Kean,Norwich City,1991-02-04,Goalkeeper,Goalkeeper,,193.0,,400000.0,0.0,0.0,0.0,0.0,0.0,0.0
121398,Tommy Smith,Huddersfield Town,1992-04-14,Defender,Right-Back,right,185.0,,700000.0,0.0,0.0,0.0,0.0,0.0,0.0
121410,Alex Nimely,Manchester City,1991-05-11,Attack,Centre-Forward,right,180.0,,50000.0,0.0,0.0,0.0,0.0,0.0,0.0
121474,Emyr Huws,Manchester City,1993-09-30,Midfield,Defensive Midfield,left,185.0,,150000.0,0.0,0.0,0.0,0.0,0.0,0.0
121477,Craig Dawson,Wolverhampton Wanderers,1990-05-06,Defender,Centre-Back,right,188.0,16.0,900000.0,0.0,0.0,0.0,0.0,0.0,0.0
121990,Wellington Silva,Arsenal FC,1993-01-06,Attack,Right Winger,right,170.0,,450000.0,0.0,0.0,0.0,0.0,0.0,0.0
122011,Markus Henriksen,Hull City,1992-07-25,Defender,Centre-Back,right,187.0,,800000.0,0.0,0.0,0.0,0.0,0.0,0.0
122223,Sam Clucas,Swansea City,1990-09-25,Midfield,Central Midfield,left,178.0,,400000.0,0.0,0.0,0.0,0.0,0.0,0.0
122704,Zak Ansah,Arsenal FC,1994-05-04,Attack,Centre-Forward,,179.0,,50000.0,0.0,0.0,0.0,0.0,0.0,0.0
122721,Nico Yennaris,Arsenal FC,1993-05-24,Midfield,Defensive Midfield,right,171.0,,250000.0,0.0,0.0,0.0,0.0,0.0,0.0
122980,Ali Gabr,West Bromwich Albion,1989-01-10,Defender,Centre-Back,right,193.0,,700000.0,0.0,0.0,0.0,0.0,0.0,0.0
123275,Tom Cairney,Fulham FC,1991-01-20,Midfield,Central Midfield,left,185.0,2.0,500000.0,22.0,2.0,0.0,735.0,2.0,0.0
123536,Simon Moore,Sunderland AFC,1990-05-19,Goalkeeper,Goalkeeper,right,191.0,,75000.0,0.0,0.0,0.0,0.0,0.0,0.0
123551,Sam Morsy,Ipswich Town,1991-09-10,Midfield,Central Midfield,right,175.0,9.0,400000.0,0.0,0.0,0.0,0.0,0.0,0.0
123682,Callum Wilson,West Ham United,1992-02-27,Attack,Centre-Forward,right,180.0,9.0,4000000.0,28.0,6.0,1.0,1130.0,1.0,0.0
124172,Danny Ward,Cardiff City,1990-12-09,Attack,Centre-Forward,left,180.0,,700000.0,0.0,0.0,0.0,0.0,0.0,0.0
124845,Grant Hall,Tottenham Hotspur,1991-10-29,Defender,Centre-Back,right,192.0,,500000.0,0.0,0.0,0.0,0.0,0.0,0.0
124884,Marco Bizot,Aston Villa,1991-03-10,Goalkeeper,Goalkeeper,right,193.0,1.0,1500000.0,5.0,0.0,0.0,405.0,0.0,0.0
125685,Luke Berry,Luton Town,1992-07-12,Midfield,Central Midfield,right,177.0,,400000.0,0.0,0.0,0.0,0.0,0.0,0.0
126195,Jernade Meade,Arsenal FC,1992-10-25,Defender,Left-Back,left,165.0,,200000.0,0.0,0.0,0.0,0.0,0.0,0.0
126249,Adam Buxton,Wigan Athletic,1992-05-12,Defender,Right-Back,right,185.0,,50000.0,0.0,0.0,0.0,0.0,0.0,0.0
126258,Lee Nicholls,Wigan Athletic,1992-10-05,Goalkeeper,Goalkeeper,right,191.0,,900000.0,0.0,0.0,0.0,0.0,0.0,0.0
126321,Carl Jenkinson,Arsenal FC,1992-02-08,Defender,Right-Back,right,185.0,,450000.0,0.0,0.0,0.0,0.0,0.0,0.0
126412,Ouasim Bouy,Leeds United,1993-06-11,Midfield,Defensive Midfield,left,181.0,,250000.0,0.0,0.0,0.0,0.0,0.0,0.0
126600,Kenny McLean,Norwich City,1992-01-08,Midfield,Central Midfield,left,183.0,59.0,400000.0,0.0,0.0,0.0,0.0,0.0,0.0
126664,Lucas Digne,Aston Villa,1993-07-20,Defender,Left-Back,left,178.0,62.0,6000000.0,27.0,0.0,6.0,1601.0,2.0,0.0
126665,Idrissa Gueye,Everton FC,1989-09-26,Midfield,Defensive Midfield,right,174.0,135.0,500000.0,21.0,2.0,3.0,1756.0,1.0,0.0
127032,Serge Aurier,Nottingham Forest,1992-12-24,Defender,Right-Back,right,176.0,,3700000.0,0.0,0.0,0.0,0.0,0.0,0.0
127181,Benjamin Lecomte,Fulham FC,1991-04-26,Goalkeeper,Goalkeeper,left,186.0,0.0,800000.0,0.0,0.0,0.0,0.0,0.0,0.0
127202,Matz Sels,Nottingham Forest,1992-02-26,Goalkeeper,Goalkeeper,right,188.0,13.0,3500000.0,27.0,0.0,0.0,2307.0,1.0,0.0
128287,Derrick Williams,Aston Villa,1993-01-17,Defender,Centre-Back,left,180.0,,600000.0,0.0,0.0,0.0,0.0,0.0,0.0
128828,Tom Anderson,Burnley FC,1993-09-02,Defender,Centre-Back,right,193.0,,225000.0,0.0,0.0,0.0,0.0,0.0,0.0
128898,Jamal Blackman,Chelsea FC,1993-10-27,Goalkeeper,Goalkeeper,right,199.0,,350000.0,0.0,0.0,0.0,0.0,0.0,0.0
128900,Nathaniel Chalobah,Fulham FC,1994-12-12,Midfield,Defensive Midfield,right,185.0,,1800000.0,0.0,0.0,0.0,0.0,0.0,0.0
128901,Conor Coady,Leicester City,1993-02-25,Defender,Centre-Back,right,185.0,10.0,1500000.0,0.0,0.0,0.0,0.0,0.0,0.0
128904,Ben Gibson,Norwich City,1993-01-15,Defender,Centre-Back,left,185.0,,2000000.0,0.0,0.0,0.0,0.0,0.0,0.0
128906,Liam Moore,Leicester City,1993-01-31,Defender,Centre-Back,right,185.0,,700000.0,0.0,0.0,0.0,0.0,0.0,0.0
128909,Jack Robinson,Sheffield United,1993-09-01,Defender,Centre-Back,left,180.0,,1000000.0,0.0,0.0,0.0,0.0,0.0,0.0
128910,George Thorne,West Bromwich Albion,1993-01-04,Midfield,Central Midfield,right,188.0,,500000.0,0.0,0.0,0.0,0.0,0.0,0.0
128911,Tom Thorpe,Manchester United,1993-01-13,Defender,Centre-Back,right,188.0,,200000.0,0.0,0.0,0.0,0.0,0.0,0.0
128912,Andre Wisdom,Liverpool FC,1993-05-09,Defender,Right-Back,right,186.0,,300000.0,0.0,0.0,0.0,0.0,0.0,0.0
129067,Ethan Ebanks-Landell,Wolverhampton Wanderers,1992-12-16,Defender,Centre-Back,right,188.0,,200000.0,0.0,0.0,0.0,0.0,0.0,0.0
129078,Nathan Redmond,Burnley FC,1994-03-06,Attack,Right Winger,right,173.0,,5000000.0,0.0,0.0,0.0,0.0,0.0,0.0
129503,Josh Pritchard,Fulham FC,1992-09-23,Midfield,Defensive Midfield,right,181.0,,200000.0,0.0,0.0,0.0,0.0,0.0,0.0
129627,Charlie Austin,West Bromwich Albion,1989-07-05,Attack,Centre-Forward,right,188.0,,275000.0,0.0,0.0,0.0,0.0,0.0,0.0
130164,Jordan Pickford,Everton FC,1994-03-07,Goalkeeper,Goalkeeper,left,185.0,89.0,13000000.0,34.0,0.0,0.0,3060.0,4.0,0.0
130216,Daniel Alfei,Swansea City,1992-02-23,Defender,Right-Back,right,180.0,,50000.0,0.0,0.0,0.0,0.0,0.0,0.0
130755,George Francomb,Norwich City,1991-09-08,Defender,Right-Back,right,180.0,,150000.0,0.0,0.0,0.0,0.0,0.0,0.0
131171,Juan Agudelo,Stoke City,1992-11-23,Attack,Centre-Forward,both,185.0,,375000.0,0.0,0.0,0.0,0.0,0.0,0.0
131505,Rodrigo,Leeds United,1991-03-06,Attack,Centre-Forward,left,182.0,,5000000.0,0.0,0.0,0.0,0.0,0.0,0.0
131978,Ross Barkley,Aston Villa,1993-12-05,Midfield,Central Midfield,right,189.0,33.0,4000000.0,21.0,3.0,1.0,852.0,1.0,0.0
131996,Bertrand Traoré,Sunderland AFC,1995-09-06,Attack,Right Winger,left,181.0,86.0,4000000.0,12.0,1.0,0.0,639.0,1.0,0.0
133392,Billy Knott,Sunderland AFC,1992-11-28,Midfield,Central Midfield,,173.0,,150000.0,0.0,0.0,0.0,0.0,0.0,0.0
133858,Phil Ofosu-Ayeh,Wolverhampton Wanderers,1991-09-15,Defender,Right-Back,right,181.0,,400000.0,0.0,0.0,0.0,0.0,0.0,0.0
134270,Dan Burn,Newcastle United,1992-05-09,Defender,Centre-Back,left,201.0,9.0,4000000.0,25.0,1.0,3.0,1839.0,8.0,0.0
134294,Danny Ings,West Ham United,1992-07-23,Attack,Centre-Forward,right,177.0,3.0,3500000.0,0.0,0.0,0.0,0.0,0.0,0.0
134416,Matthias Fanimo,West Ham United,1994-01-28,Attack,Right Winger,left,175.0,,150000.0,0.0,0.0,0.0,0.0,0.0,0.0
134424,Nick Powell,Manchester United,1994-03-23,Midfield,Attacking Midfield,both,183.0,,900000.0,0.0,0.0,0.0,0.0,0.0,0.0
135343,Fabian Schär,Newcastle United,1991-12-20,Defender,Centre-Back,right,186.0,86.0,4000000.0,12.0,0.0,0.0,740.0,1.0,0.0
136401,Daniel Bentley,Wolverhampton Wanderers,1993-07-13,Goalkeeper,Goalkeeper,,193.0,,800000.0,3.0,0.0,0.0,270.0,0.0,0.0
136501,Kadeem Harris,Cardiff City,1993-06-08,Attack,Right Winger,right,174.0,,400000.0,0.0,0.0,0.0,0.0,0.0,0.0
136589,Samba Diakité,Queens Park Rangers,1989-01-24,Midfield,Defensive Midfield,right,186.0,,325000.0,0.0,0.0,0.0,0.0,0.0,0.0
137150,Alex Wynter,Crystal Palace,1993-09-15,Defender,Centre-Back,right,183.0,,75000.0,0.0,0.0,0.0,0.0,0.0,0.0
139208,Virgil van Dijk,Liverpool FC,1991-07-08,Defender,Centre-Back,right,195.0,96.0,15000000.0,35.0,6.0,0.0,3150.0,4.0,0.0
140191,Ryan Fredericks,AFC Bournemouth,1992-10-10,Defender,Right-Back,right,181.0,,1000000.0,0.0,0.0,0.0,0.0,0.0,0.0
140579,Josip Drmic,Norwich City,1992-08-08,Attack,Centre-Forward,right,184.0,,2000000.0,0.0,0.0,0.0,0.0,0.0,0.0
141341,Cameron Gayle,West Bromwich Albion,1992-11-22,Defender,Right-Back,right,181.0,,25000.0,0.0,0.0,0.0,0.0,0.0,0.0
141349,Liam O'Neil,West Bromwich Albion,1993-07-31,Midfield,Defensive Midfield,right,181.0,,150000.0,0.0,0.0,0.0,0.0,0.0,0.0
141568,Rohan Ince,Brighton & Hove Albion,1992-11-08,Midfield,Defensive Midfield,right,194.0,,400000.0,0.0,0.0,0.0,0.0,0.0,0.0
141573,George Saville,Luton Town,1993-06-01,Midfield,Central Midfield,left,176.0,64.0,700000.0,0.0,0.0,0.0,0.0,0.0,0.0
141655,Zeki Fryers,Crystal Palace,1992-09-09,Defender,Left-Back,left,185.0,,100000.0,0.0,0.0,0.0,0.0,0.0,0.0
142310,Willy Boly,Nottingham Forest,1991-02-03,Defender,Centre-Back,right,195.0,23.0,300000.0,0.0,0.0,0.0,0.0,0.0,0.0
142389,Mark Gillespie,Newcastle United,1992-03-27,Goalkeeper,Goalkeeper,right,191.0,,100000.0,0.0,0.0,0.0,0.0,0.0,0.0
143219,Krisztián Adorján,Liverpool FC,1993-01-19,Midfield,Attacking Midfield,right,184.0,,150000.0,0.0,0.0,0.0,0.0,0.0,0.0
144028,Leandro Trossard,Arsenal FC,1994-12-04,Attack,Left Winger,right,172.0,57.0,18000000.0,29.0,6.0,5.0,1960.0,2.0,0.0
145484,Lucas Dawson,Stoke City,1993-11-12,Midfield,Central Midfield,right,186.0,,,0.0,0.0,0.0,0.0,0.0,0.0
146310,Wataru Endo,Liverpool FC,1993-02-09,Midfield,Defensive Midfield,right,178.0,73.0,4000000.0,5.0,0.0,0.0,138.0,0.0,0.0
146488,Samir Carruthers,Aston Villa,1993-04-04,Midfield,Central Midfield,left,173.0,,250000.0,0.0,0.0,0.0,0.0,0.0,0.0
146509,Conor Townsend,Ipswich Town,1993-03-04,Defender,Left-Back,left,183.0,,500000.0,0.0,0.0,0.0,0.0,0.0,0.0
148153,Lewis Dunk,Brighton & Hove Albion,1991-11-21,Defender,Centre-Back,right,192.0,6.0,3500000.0,29.0,1.0,0.0,2477.0,9.0,0.0
148262,Jeff Hendrick,Newcastle United,1992-01-31,Midfield,Central Midfield,right,185.0,,500000.0,0.0,0.0,0.0,0.0,0.0,0.0
148367,Christian Nørgaard,Arsenal FC,1994-03-10,Midfield,Defensive Midfield,right,187.0,41.0,5000000.0,7.0,0.0,0.0,101.0,0.0,0.0
148368,Divock Origi,Nottingham Forest,1995-04-18,Attack,Centre-Forward,right,189.0,,5000000.0,0.0,0.0,0.0,0.0,0.0,0.0
148455,Mohamed Salah,Liverpool FC,1992-06-15,Attack,Right Winger,left,175.0,119.0,22000000.0,24.0,6.0,6.0,1880.0,1.0,0.0
148657,Tomas Kalas,Chelsea FC,1993-05-15,Defender,Centre-Back,right,184.0,,900000.0,0.0,0.0,0.0,0.0,0.0,0.0
148911,Frankie Sutherland,Queens Park Rangers,1993-12-06,Midfield,Right Midfield,,177.0,,50000.0,0.0,0.0,0.0,0.0,0.0,0.0
154287,Todd Kane,Chelsea FC,1993-09-17,Defender,Right-Back,right,180.0,,250000.0,0.0,0.0,0.0,0.0,0.0,0.0
155233,Michael Harriman,Queens Park Rangers,1992-10-23,Defender,Centre-Back,right,171.0,,150000.0,0.0,0.0,0.0,0.0,0.0,0.0
156501,Felipe,Nottingham Forest,1989-05-16,Defender,Centre-Back,right,190.0,,1500000.0,0.0,0.0,0.0,0.0,0.0,0.0
156899,Ricky Holmes,Sheffield United,1987-06-19,Attack,Left Winger,,188.0,,250000.0,0.0,0.0,0.0,0.0,0.0,0.0
156939,Ben Heneghan,Sheffield United,1993-09-19,Defender,Centre-Back,right,190.0,,250000.0,0.0,0.0,0.0,0.0,0.0,0.0
156942,Adam Thomas,Stoke City,1994-02-04,Attack,Right Winger,right,191.0,,,0.0,0.0,0.0,0.0,0.0,0.0
157368,Tom Ince,Huddersfield Town,1992-01-30,Attack,Right Winger,left,178.0,,1500000.0,0.0,0.0,0.0,0.0,0.0,0.0
157490,Michael Hector,Fulham FC,1992-07-19,Defender,Centre-Back,right,193.0,,500000.0,0.0,0.0,0.0,0.0,0.0,0.0
158263,Matt Parsons,Crystal Palace,1991-12-25,Defender,Left-Back,left,178.0,,250000.0,0.0,0.0,0.0,0.0,0.0,0.0
158623,Cyrus Christie,Fulham FC,1992-09-30,Defender,Right-Back,right,188.0,,1000000.0,0.0,0.0,0.0,0.0,0.0,0.0
158700,Tendayi Darikwa,Burnley FC,1991-12-13,Defender,Right-Back,right,188.0,,400000.0,0.0,0.0,0.0,0.0,0.0,0.0
158703,Kieron Freeman,Sheffield United,1992-03-21,Defender,Right-Back,right,178.0,,150000.0,0.0,0.0,0.0,0.0,0.0,0.0
158718,Max Ehmer,Queens Park Rangers,1992-02-03,Defender,Centre-Back,right,188.0,,175000.0,0.0,0.0,0.0,0.0,0.0,0.0
158764,Stuart Dallas,Leeds United,1991-04-19,Defender,Right-Back,right,183.0,,1500000.0,0.0,0.0,0.0,0.0,0.0,0.0
160348,Mesca,Fulham FC,1993-05-06,Midfield,Right Midfield,right,175.0,,300000.0,0.0,0.0,0.0,0.0,0.0,0.0
162395,Essaïd Belkalem,Watford FC,1989-01-01,Defender,Centre-Back,left,190.0,,200000.0,0.0,0.0,0.0,0.0,0.0,0.0
163530,Adam Reach,Middlesbrough FC,1993-02-03,Midfield,Left Midfield,left,185.0,,1000000.0,0.0,0.0,0.0,0.0,0.0,0.0
163531,Connor Ripley,Middlesbrough FC,1993-02-13,Goalkeeper,Goalkeeper,,,,250000.0,0.0,0.0,0.0,0.0,0.0,0.0
163532,Adam Smith,Leicester City,1992-11-23,Goalkeeper,Goalkeeper,,,,200000.0,0.0,0.0,0.0,0.0,0.0,0.0
163744,Jack Stephens,Southampton FC,1994-01-27,Defender,Centre-Back,right,185.0,8.0,1200000.0,0.0,0.0,0.0,0.0,0.0,0.0
164389,Rory Donnelly,Swansea City,1992-02-18,Attack,Centre-Forward,right,188.0,,150000.0,0.0,0.0,0.0,0.0,0.0,0.0
167268,Paddy McNair,Hull City,1995-04-27,Defender,Centre-Back,right,189.0,82.0,1500000.0,0.0,0.0,0.0,0.0,0.0,0.0
167393,James Husband,Middlesbrough FC,1994-01-03,Defender,Left-Back,left,179.0,,600000.0,0.0,0.0,0.0,0.0,0.0,0.0
169555,Callum Paterson,Cardiff City,1994-10-13,Attack,Centre-Forward,right,183.0,,900000.0,0.0,0.0,0.0,0.0,0.0,0.0
169633,Bruno Andrade,Queens Park Rangers,1993-10-02,Attack,Left Winger,right,175.0,,50000.0,0.0,0.0,0.0,0.0,0.0,0.0
169801,Cauley Woodrow,Luton Town,1994-12-02,Attack,Centre-Forward,right,184.0,,1000000.0,0.0,0.0,0.0,0.0,0.0,0.0
170321,Paul Dummett,Newcastle United,1991-09-26,Defender,Centre-Back,left,183.0,,900000.0,0.0,0.0,0.0,0.0,0.0,0.0
170322,Jonathan Williams,Crystal Palace,1993-10-09,Midfield,Attacking Midfield,left,168.0,,350000.0,0.0,0.0,0.0,0.0,0.0,0.0
170540,Cody Cropper,Southampton FC,1993-02-16,Goalkeeper,Goalkeeper,right,191.0,,200000.0,0.0,0.0,0.0,0.0,0.0,0.0
171234,Ben Reeves,Southampton FC,1991-11-19,Midfield,Attacking Midfield,left,171.0,,100000.0,0.0,0.0,0.0,0.0,0.0,0.0
171260,Jay Fulton,Swansea City,1994-04-04,Midfield,Central Midfield,right,185.0,,1200000.0,0.0,0.0,0.0,0.0,0.0,0.0
171679,Matt Doherty,Wolverhampton Wanderers,1992-01-16,Defender,Right-Back,right,185.0,53.0,1000000.0,9.0,0.0,0.0,612.0,2.0,0.0
173483,Nahki Wells,Burnley FC,1990-06-01,Attack,Centre-Forward,right,170.0,,700000.0,0.0,0.0,0.0,0.0,0.0,0.0
173504,James Tarkowski,Everton FC,1992-11-19,Defender,Centre-Back,right,185.0,2.0,5000000.0,33.0,2.0,3.0,2970.0,8.0,0.0
173584,Raheem Hanley,Swansea City,1994-02-24,Defender,Left-Back,left,175.0,,75000.0,0.0,0.0,0.0,0.0,0.0,0.0
173832,Michael Doughty,Queens Park Rangers,1992-11-20,Midfield,Central Midfield,left,185.0,,250000.0,0.0,0.0,0.0,0.0,0.0,0.0
177065,Florin Andone,Brighton & Hove Albion,1993-04-11,Attack,Centre-Forward,right,181.0,,800000.0,0.0,0.0,0.0,0.0,0.0,0.0
177476,Nathan Aké,Manchester City,1995-02-18,Defender,Centre-Back,left,180.0,62.0,12000000.0,17.0,0.0,0.0,621.0,1.0,0.0
177771,Connor Smith,Watford FC,1993-02-18,Midfield,Central Midfield,right,181.0,,250000.0,0.0,0.0,0.0,0.0,0.0,0.0
177862,Charly Musonda Jr.,Chelsea FC,1996-10-15,Attack,Left Winger,right,173.0,,500000.0,0.0,0.0,0.0,0.0,0.0,0.0
177892,Graham Burke,Aston Villa,1993-09-21,Attack,Second Striker,right,180.0,,275000.0,0.0,0.0,0.0,0.0,0.0,0.0
177907,Harry Maguire,Manchester United,1993-03-05,Defender,Centre-Back,right,194.0,66.0,8000000.0,21.0,1.0,2.0,1642.0,3.0,0.0
177953,Chris Kettings,Crystal Palace,1992-10-25,Goalkeeper,Goalkeeper,,193.0,,150000.0,0.0,0.0,0.0,0.0,0.0,0.0
179451,Donald Love,Sunderland AFC,1994-12-02,Defender,Right-Back,right,178.0,,250000.0,0.0,0.0,0.0,0.0,0.0,0.0
179471,Curtis Good,Newcastle United,1993-03-23,Defender,Centre-Back,left,187.0,,550000.0,0.0,0.0,0.0,0.0,0.0,0.0
181168,Danny Whitehead,West Ham United,1993-10-23,Midfield,Central Midfield,right,179.0,,50000.0,0.0,0.0,0.0,0.0,0.0,0.0
181380,Arthur Masuaku,Sunderland AFC,1993-11-07,Defender,Left-Back,left,179.0,48.0,2000000.0,3.0,0.0,0.0,127.0,1.0,0.0
181498,George Evans,Manchester City,1994-12-13,Midfield,Defensive Midfield,right,184.0,,350000.0,0.0,0.0,0.0,0.0,0.0,0.0
181548,Courtney Meppen-Walter,Manchester City,1994-08-02,Defender,Centre-Back,left,184.0,,50000.0,0.0,0.0,0.0,0.0,0.0,0.0
181579,James Ward-Prowse,West Ham United,1994-11-01,Midfield,Central Midfield,right,177.0,11.0,5000000.0,14.0,0.0,1.0,771.0,1.0,0.0
181687,Massimo Luongo,Ipswich Town,1992-09-25,Midfield,Central Midfield,right,176.0,43.0,350000.0,0.0,0.0,0.0,0.0,0.0,0.0
181779,Wallace Oliveira,Chelsea FC,1994-05-01,Defender,Right-Back,right,175.0,,800000.0,0.0,0.0,0.0,0.0,0.0,0.0
183168,Kenny McEvoy,Tottenham Hotspur,1994-09-04,Attack,Right Winger,right,176.0,,,0.0,0.0,0.0,0.0,0.0,0.0
183281,Leo Chambers,West Ham United,1995-08-05,Defender,Centre-Back,right,186.0,,250000.0,0.0,0.0,0.0,0.0,0.0,0.0
183283,Jordan Graham,Wolverhampton Wanderers,1995-03-05,Attack,Right Winger,right,182.0,,350000.0,0.0,0.0,0.0,0.0,0.0,0.0
183284,Ryan Inniss,Crystal Palace,1995-06-05,Defender,Centre-Back,right,197.0,,300000.0,0.0,0.0,0.0,0.0,0.0,0.0
183286,Diego Poyet,West Ham United,1995-04-08,Midfield,Central Midfield,right,180.0,,500000.0,0.0,0.0,0.0,0.0,0.0,0.0
183288,Luke Shaw,Manchester United,1995-07-12,Defender,Left-Back,left,178.0,34.0,8000000.0,35.0,1.0,1.0,2976.0,9.0,0.0
183299,Callum Robinson,West Bromwich Albion,1995-02-02,Attack,Centre-Forward,right,178.0,,3000000.0,0.0,0.0,0.0,0.0,0.0,0.0
183301,Luke McGee,Tottenham Hotspur,1995-09-02,Goalkeeper,Goalkeeper,right,193.0,,200000.0,0.0,0.0,0.0,0.0,0.0,0.0
183302,Ben Pearson,AFC Bournemouth,1995-01-04,Midfield,Central Midfield,right,176.0,,2200000.0,0.0,0.0,0.0,0.0,0.0,0.0
183318,Jamaal Lascelles,Newcastle United,1993-11-11,Defender,Centre-Back,right,188.0,2.0,2000000.0,2.0,0.0,0.0,19.0,0.0,0.0
183334,Patrick Bamford,Leeds United,1993-09-05,Attack,Centre-Forward,left,185.0,,7000000.0,0.0,0.0,0.0,0.0,0.0,0.0
183837,Gregor Zabret,Swansea City,1995-08-18,Goalkeeper,Goalkeeper,,187.0,,25000.0,0.0,0.0,0.0,0.0,0.0,0.0
183966,Dylan Tombides,West Ham United,1994-03-08,Attack,Centre-Forward,,180.0,,250000.0,0.0,0.0,0.0,0.0,0.0,0.0
184129,Jordan Clark,Luton Town,1993-09-22,Midfield,Central Midfield,right,183.0,,1000000.0,0.0,0.0,0.0,0.0,0.0,0.0
184397,Tom Hopper,Leicester City,1993-12-14,Attack,Centre-Forward,left,186.0,,200000.0,0.0,0.0,0.0,0.0,0.0,0.0
184528,Emil Krafth,Newcastle United,1994-08-02,Defender,Right-Back,right,184.0,52.0,750000.0,1.0,0.0,0.0,45.0,0.0,0.0
184573,Victor Lindelöf,Aston Villa,1994-07-17,Defender,Centre-Back,right,187.0,80.0,5000000.0,16.0,0.0,1.0,937.0,0.0,0.0
185764,Charles Banya,Fulham FC,1993-09-18,Midfield,Left Midfield,,170.0,,50000.0,0.0,0.0,0.0,0.0,0.0,0.0
186186,Bobby De Cordova-Reid,Leicester City,1993-02-02,Midfield,Attacking Midfield,right,170.0,45.0,700000.0,0.0,0.0,0.0,0.0,0.0,0.0
186590,John Stones,Manchester City,1994-05-28,Defender,Centre-Back,right,188.0,92.0,12000000.0,6.0,0.0,0.0,177.0,0.0,0.0
186923,Jack Rose,Southampton FC,1995-01-31,Goalkeeper,Goalkeeper,,190.0,,200000.0,0.0,0.0,0.0,0.0,0.0,0.0
188077,Ryan Christie,AFC Bournemouth,1995-02-22,Midfield,Central Midfield,left,178.0,71.0,8000000.0,24.0,2.0,0.0,935.0,3.0,0.0
189039,Michael Petrasso,Queens Park Rangers,1995-07-09,Midfield,Right Midfield,right,168.0,,150000.0,0.0,0.0,0.0,0.0,0.0,0.0
191320,Sean Maguire,West Ham United,1994-05-01,Attack,Centre-Forward,right,175.0,,600000.0,0.0,0.0,0.0,0.0,0.0,0.0
192080,Nick Pope,Newcastle United,1992-04-19,Goalkeeper,Goalkeeper,right,198.0,10.0,5000000.0,23.0,0.0,0.0,2057.0,1.0,0.0
192279,Kepa Arrizabalaga,Arsenal FC,1994-10-03,Goalkeeper,Goalkeeper,right,188.0,13.0,5000000.0,1.0,0.0,0.0,90.0,0.0,0.0
192366,Gozie Ugwu,Reading FC,1993-04-22,Attack,Centre-Forward,right,188.0,,250000.0,0.0,0.0,0.0,0.0,0.0,0.0
192765,Ben Davies,Tottenham Hotspur,1993-04-24,Defender,Centre-Back,left,181.0,100.0,3000000.0,3.0,1.0,0.0,138.0,1.0,0.0
193116,John McGinn,Aston Villa,1994-10-18,Midfield,Central Midfield,left,178.0,89.0,13000000.0,26.0,5.0,5.0,1836.0,5.0,0.0
194386,Alex Cairns,Leeds United,1993-01-04,Goalkeeper,Goalkeeper,right,183.0,,50000.0,0.0,0.0,0.0,0.0,0.0,0.0
194460,Joe Bryan,Fulham FC,1993-09-17,Defender,Left-Back,left,170.0,,2200000.0,0.0,0.0,0.0,0.0,0.0,0.0
195633,Charlie Taylor,Southampton FC,1993-09-18,Defender,Left-Back,left,183.0,2.0,2000000.0,0.0,0.0,0.0,0.0,0.0,0.0
195652,Jordon Ibe,AFC Bournemouth,1995-12-08,Attack,Right Winger,right,176.0,,300000.0,0.0,0.0,0.0,0.0,0.0,0.0
195679,Adedeji Oshilaja,Cardiff City,1993-07-16,Defender,Centre-Back,right,181.0,,300000.0,0.0,0.0,0.0,0.0,0.0,0.0
195680,Joe Ralls,Cardiff City,1993-10-12,Midfield,Central Midfield,left,178.0,,1800000.0,0.0,0.0,0.0,0.0,0.0,0.0
196313,Jordan Laidler,Sunderland AFC,1993-10-13,Midfield,Central Midfield,right,,,,0.0,0.0,0.0,0.0,0.0,0.0
196316,Adam Mitchell,Sunderland AFC,1994-12-02,Attack,Right Winger,right,,,,0.0,0.0,0.0,0.0,0.0,0.0
196562,Josh Passley,Fulham FC,1994-11-21,Defender,Right-Back,right,183.0,,,0.0,0.0,0.0,0.0,0.0,0.0
196722,Remi Matthews,Crystal Palace,1994-02-10,Goalkeeper,Goalkeeper,right,183.0,,200000.0,0.0,0.0,0.0,0.0,0.0,0.0
197693,John Swift,Chelsea FC,1995-06-23,Midfield,Central Midfield,right,182.0,,5000000.0,0.0,0.0,0.0,0.0,0.0,0.0
197791,Janoi Donacien,Aston Villa,1993-11-03,Defender,Centre-Back,right,183.0,,300000.0,0.0,0.0,0.0,0.0,0.0,0.0
197910,Liam Shephard,Swansea City,1994-11-22,Defender,Right-Back,right,178.0,,200000.0,0.0,0.0,0.0,0.0,0.0,0.0
198587,Remie Streete,Newcastle United,1994-11-02,Defender,Centre-Back,right,188.0,,100000.0,0.0,0.0,0.0,0.0,0.0,0.0
198589,Lewis Baker,Chelsea FC,1995-04-25,Midfield,Central Midfield,right,182.0,,2500000.0,0.0,0.0,0.0,0.0,0.0,0.0
198861,Sam Hoskins,Southampton FC,1993-02-04,Attack,Right Winger,,173.0,,325000.0,0.0,0.0,0.0,0.0,0.0,0.0
199526,Reece Hall-Johnson,Norwich City,1995-05-09,Defender,Right-Back,right,173.0,,,0.0,0.0,0.0,0.0,0.0,0.0
199527,Jacob Murphy,Newcastle United,1995-02-24,Attack,Right Winger,right,179.0,6.0,12000000.0,30.0,3.0,1.0,1456.0,2.0,0.0
199528,Josh Murphy,Cardiff City,1995-02-24,Attack,Left Winger,right,173.0,,700000.0,0.0,0.0,0.0,0.0,0.0,0.0
200782,Kevin Stewart,Liverpool FC,1993-09-07,Midfield,Defensive Midfield,,182.0,,300000.0,0.0,0.0,0.0,0.0,0.0,0.0
201570,George Glendon,Manchester City,1995-05-03,Midfield,Defensive Midfield,right,177.0,,150000.0,0.0,0.0,0.0,0.0,0.0,0.0
201574,Angus Gunn,Nottingham Forest,1996-01-22,Goalkeeper,Goalkeeper,right,196.0,25.0,1000000.0,1.0,0.0,0.0,45.0,0.0,0.0
201656,Lewis Kinsella,Aston Villa,1994-09-02,Defender,Left-Back,left,175.0,,100000.0,0.0,0.0,0.0,0.0,0.0,0.0
203127,Conor McGrandles,Norwich City,1995-09-24,Midfield,Central Midfield,right,183.0,,350000.0,0.0,0.0,0.0,0.0,0.0,0.0
203460,Jack Grealish,Everton FC,1995-09-10,Attack,Left Winger,right,180.0,39.0,20000000.0,16.0,2.0,2.0,1345.0,1.0,0.0
203464,Jamar Loza,Norwich City,1994-05-10,Attack,Centre-Forward,,178.0,,250000.0,0.0,0.0,0.0,0.0,0.0,0.0
204103,Adama Traoré,West Ham United,1996-01-25,Attack,Right Winger,right,178.0,8.0,6000000.0,21.0,0.0,0.0,317.0,1.0,0.0
204114,Scott Harrison,Sunderland AFC,1993-09-03,Defender,Centre-Back,right,188.0,,125000.0,0.0,0.0,0.0,0.0,0.0,0.0
204354,Adam Campbell,Newcastle United,1995-01-01,Attack,Second Striker,right,169.0,,250000.0,0.0,0.0,0.0,0.0,0.0,0.0
206040,Raúl Jiménez,Fulham FC,1991-05-05,Attack,Centre-Forward,right,188.0,130.0,3000000.0,32.0,9.0,3.0,2077.0,5.0,0.0
206225,Isaac Hayden,Queens Park Rangers,1995-03-22,Midfield,Defensive Midfield,right,187.0,15.0,400000.0,0.0,0.0,0.0,0.0,0.0,0.0
206268,Corby Moore,Southampton FC,1993-11-21,Midfield,Central Midfield,right,173.0,,,0.0,0.0,0.0,0.0,0.0,0.0
206746,Kenny Tete,Fulham FC,1995-10-09,Defender,Right-Back,right,180.0,14.0,8000000.0,18.0,1.0,0.0,1435.0,2.0,0.0
207009,Jaanai Gordon,West Ham United,1995-12-07,Attack,Centre-Forward,right,178.0,,,0.0,0.0,0.0,0.0,0.0,0.0
207014,Will Hughes,Crystal Palace,1995-04-17,Midfield,Central Midfield,left,185.0,23.0,5000000.0,27.0,0.0,0.0,1247.0,4.0,0.0
207037,Dan Potts,Luton Town,1994-04-13,Defender,Centre-Back,left,183.0,,900000.0,0.0,0.0,0.0,0.0,0.0,0.0
207742,Tom Lockyer,Luton Town,1994-12-03,Defender,Centre-Back,right,185.0,,2500000.0,0.0,0.0,0.0,0.0,0.0,0.0
207771,Louis Thompson,Norwich City,1994-12-19,Midfield,Central Midfield,right,180.0,,200000.0,0.0,0.0,0.0,0.0,0.0,0.0
208244,Brendan Galloway,Everton FC,1996-03-17,Defender,Left-Back,left,186.0,,400000.0,0.0,0.0,0.0,0.0,0.0,0.0
208379,Christian Walton,Ipswich Town,1995-11-09,Goalkeeper,Goalkeeper,left,195.0,1.0,900000.0,0.0,0.0,0.0,0.0,0.0,0.0
209212,Solly March,Brighton & Hove Albion,1994-07-20,Attack,Right Winger,left,180.0,3.0,1000000.0,4.0,0.0,0.0,38.0,0.0,0.0
209781,Oumar Niasse,Everton FC,1990-04-18,Attack,Centre-Forward,right,182.0,,200000.0,0.0,0.0,0.0,0.0,0.0,0.0
210662,Bradley Watkins,Aston Villa,1994-09-11,Goalkeeper,Goalkeeper,right,188.0,,,0.0,0.0,0.0,0.0,0.0,0.0
211076,Ross Fitzsimons,Crystal Palace,1994-05-28,Goalkeeper,Goalkeeper,right,185.0,,50000.0,0.0,0.0,0.0,0.0,0.0,0.0
212730,Kyle De Silva,Crystal Palace,1993-11-29,Midfield,Left Midfield,right,170.0,,125000.0,0.0,0.0,0.0,0.0,0.0,0.0
212829,Jack O'Connell,Sheffield United,1994-03-29,Defender,Centre-Back,left,190.0,,1200000.0,0.0,0.0,0.0,0.0,0.0,0.0
212847,Adam Webster,Brighton & Hove Albion,1995-01-04,Defender,Centre-Back,right,190.0,7.0,3000000.0,0.0,0.0,0.0,0.0,0.0,0.0
214023,David Ferguson,Sunderland AFC,1994-06-07,Defender,Left-Back,left,180.0,,225000.0,0.0,0.0,0.0,0.0,0.0,0.0
214113,Mitchell Beeney,Chelsea FC,1995-10-03,Goalkeeper,Goalkeeper,,198.0,,100000.0,0.0,0.0,0.0,0.0,0.0,0.0
214666,Connor Roberts,Burnley FC,1995-09-23,Defender,Right-Back,right,175.0,64.0,1500000.0,0.0,0.0,0.0,0.0,0.0,0.0
214928,Kean Bryan,Sheffield United,1996-11-01,Defender,Centre-Back,left,185.0,,500000.0,0.0,0.0,0.0,0.0,0.0,0.0
215118,Calum Chambers,Aston Villa,1995-01-20,Defender,Centre-Back,right,182.0,,4000000.0,0.0,0.0,0.0,0.0,0.0,0.0
215810,Tom King,Everton FC,1995-03-09,Goalkeeper,Goalkeeper,right,194.0,1.0,100000.0,0.0,0.0,0.0,0.0,0.0,0.0
215876,Ricardo Pereira,Leicester City,1993-10-06,Defender,Right-Back,right,175.0,7.0,3000000.0,0.0,0.0,0.0,0.0,0.0,0.0
218086,Jack Barmby,Leicester City,1994-11-14,Midfield,Left Midfield,left,178.0,,150000.0,0.0,0.0,0.0,0.0,0.0,0.0
218087,Ben Osborn,Sheffield United,1994-08-05,Midfield,Central Midfield,left,176.0,,1000000.0,0.0,0.0,0.0,0.0,0.0,0.0
218140,George Honeyman,Sunderland AFC,1994-09-08,Midfield,Attacking Midfield,right,173.0,,1000000.0,0.0,0.0,0.0,0.0,0.0,0.0
218355,Conor Grant,Everton FC,1995-04-18,Midfield,Central Midfield,left,176.0,,200000.0,0.0,0.0,0.0,0.0,0.0,0.0
220755,Matthew Pennington,Everton FC,1994-10-06,Defender,Centre-Back,right,185.0,,500000.0,0.0,0.0,0.0,0.0,0.0,0.0
221687,Alex Gilliead,Newcastle United,1996-02-11,Attack,Right Winger,right,183.0,,225000.0,0.0,0.0,0.0,0.0,0.0,0.0
222014,Joel Dixon,Sunderland AFC,1993-12-09,Goalkeeper,Goalkeeper,right,193.0,,150000.0,0.0,0.0,0.0,0.0,0.0,0.0
223027,Laste Dombaxe,Tottenham Hotspur,1995-05-15,Midfield,Central Midfield,,171.0,,,0.0,0.0,0.0,0.0,0.0,0.0
223790,Luke Simpson,Watford FC,1994-09-23,Goalkeeper,Goalkeeper,left,190.0,,25000.0,0.0,0.0,0.0,0.0,0.0,0.0
225166,Josh Wakefield,AFC Bournemouth,1993-11-06,Midfield,Central Midfield,right,180.0,,100000.0,0.0,0.0,0.0,0.0,0.0,0.0
225452,Patrick Roberts,Sunderland AFC,1997-02-05,Attack,Right Winger,left,167.0,9.0,3200000.0,0.0,0.0,0.0,0.0,0.0,0.0
226049,Freddie Woodman,Liverpool FC,1997-03-04,Goalkeeper,Goalkeeper,right,188.0,6.0,3000000.0,3.0,0.0,0.0,212.0,0.0,0.0
226219,Sean Raggett,Norwich City,1994-01-25,Defender,Centre-Back,right,196.0,,400000.0,0.0,0.0,0.0,0.0,0.0,0.0
226964,Dominic Gape,Southampton FC,1994-09-09,Midfield,Defensive Midfield,right,180.0,,200000.0,0.0,0.0,0.0,0.0,0.0,0.0
226965,Lloyd Isgrove,Southampton FC,1993-01-12,Attack,Right Winger,right,178.0,,100000.0,0.0,0.0,0.0,0.0,0.0,0.0
226968,Sam McQueen,Southampton FC,1995-02-06,Defender,Left-Back,left,181.0,,800000.0,0.0,0.0,0.0,0.0,0.0,0.0
226973,Harrison Reed,Fulham FC,1995-01-27,Midfield,Central Midfield,right,181.0,14.0,2000000.0,7.0,1.0,0.0,89.0,0.0,0.0
226974,Andy Robinson,Southampton FC,1992-10-16,Midfield,Defensive Midfield,,188.0,,,0.0,0.0,0.0,0.0,0.0,0.0
226975,Omar Rowe,Southampton FC,1994-10-30,Attack,Left Winger,left,172.0,,50000.0,0.0,0.0,0.0,0.0,0.0,0.0
226977,Jake Sinclair,Southampton FC,1994-11-29,Attack,Right Winger,right,172.0,,50000.0,0.0,0.0,0.0,0.0,0.0,0.0
227183,Sam Gallagher,Southampton FC,1995-09-15,Attack,Centre-Forward,right,193.0,,2800000.0,0.0,0.0,0.0,0.0,0.0,0.0
227185,Jason McCarthy,Southampton FC,1995-11-07,Defender,Right-Back,right,186.0,,350000.0,0.0,0.0,0.0,0.0,0.0,0.0
229826,Elliot Lee,West Ham United,1994-12-16,Midfield,Attacking Midfield,right,180.0,,600000.0,0.0,0.0,0.0,0.0,0.0,0.0
232964,Emiliano Marcondes,AFC Bournemouth,1995-03-09,Midfield,Attacking Midfield,right,182.0,,1500000.0,0.0,0.0,0.0,0.0,0.0,0.0
233124,Kortney Hause,Aston Villa,1995-07-16,Defender,Centre-Back,left,191.0,10.0,800000.0,0.0,0.0,0.0,0.0,0.0,0.0
233998,Freddie Ladapo,Crystal Palace,1993-02-01,Attack,Centre-Forward,right,183.0,,650000.0,0.0,0.0,0.0,0.0,0.0,0.0
234803,Andrew Robertson,Liverpool FC,1994-03-11,Defender,Left-Back,left,178.0,97.0,7000000.0,23.0,1.0,0.0,1142.0,0.0,0.0
236490,Ola Aina,Nottingham Forest,1996-10-08,Defender,Right-Back,right,184.0,48.0,18000000.0,15.0,0.0,0.0,1320.0,2.0,0.0
236509,Connor Ogilvie,Tottenham Hotspur,1996-02-14,Defender,Left-Back,left,184.0,,400000.0,0.0,0.0,0.0,0.0,0.0,0.0
236953,Sam Byram,Leeds United,1993-09-16,Defender,Left-Back,right,183.0,0.0,400000.0,1.0,0.0,0.0,1.0,0.0,0.0
238223,Ederson,Manchester City,1993-08-17,Goalkeeper,Goalkeeper,left,188.0,32.0,10000000.0,0.0,0.0,0.0,0.0,0.0,0.0
238988,Leandro Rodríguez,Everton FC,1992-11-19,Attack,Centre-Forward,right,179.0,,75000.0,0.0,0.0,0.0,0.0,0.0,0.0
239949,Jamal Lowe,AFC Bournemouth,1994-07-21,Attack,Centre-Forward,right,183.0,,1500000.0,0.0,0.0,0.0,0.0,0.0,0.0
240083,George Byers,Swansea City,1996-05-29,Midfield,Central Midfield,right,180.0,,400000.0,0.0,0.0,0.0,0.0,0.0,0.0
240306,Bruno Fernandes,Manchester United,1994-09-08,Midfield,Attacking Midfield,right,183.0,94.0,35000000.0,32.0,8.0,21.0,2798.0,4.0,0.0
240692,Reinildo Mandava,Sunderland AFC,1994-01-21,Defender,Left-Back,left,180.0,48.0,4000000.0,21.0,0.0,2.0,1609.0,6.0,0.0
241641,Bernardo Silva,Manchester City,1994-08-10,Midfield,Attacking Midfield,left,173.0,113.0,22000000.0,35.0,2.0,4.0,2714.0,9.0,0.0
241916,Brian Lenihan,Hull City,1994-06-08,Defender,Right-Back,right,187.0,,100000.0,0.0,0.0,0.0,0.0,0.0,0.0
242412,Gethin Jones,Everton FC,1995-10-13,Defender,Right-Back,right,,,450000.0,0.0,0.0,0.0,0.0,0.0,0.0
242416,Mason Springthorpe,Everton FC,1994-11-01,Goalkeeper,Goalkeeper,,191.0,,,0.0,0.0,0.0,0.0,0.0,0.0
242417,George Waring,Stoke City,1994-12-02,Attack,Centre-Forward,right,196.0,,250000.0,0.0,0.0,0.0,0.0,0.0,0.0
242434,Courtney Duffus,Everton FC,1995-10-24,Attack,Centre-Forward,right,188.0,,100000.0,0.0,0.0,0.0,0.0,0.0,0.0
242603,Jordan Brown,West Ham United,1996-11-10,Attack,Centre-Forward,right,185.0,,25000.0,0.0,0.0,0.0,0.0,0.0,0.0
242606,Josh Cullen,Burnley FC,1996-04-07,Midfield,Central Midfield,right,175.0,47.0,4000000.0,15.0,1.0,1.0,1250.0,2.0,0.0
242631,Alex Iwobi,Fulham FC,1996-05-03,Attack,Left Winger,right,183.0,100.0,20000000.0,25.0,4.0,2.0,2120.0,2.0,0.0
242644,Moses Makasi,West Ham United,1995-09-22,Midfield,Central Midfield,left,180.0,,200000.0,0.0,0.0,0.0,0.0,0.0,0.0
242646,Nathan Mavila,West Ham United,1995-10-15,Defender,Left-Back,left,175.0,,150000.0,0.0,0.0,0.0,0.0,0.0,0.0
242648,Amos Nasha,West Ham United,1995-09-04,Midfield,Defensive Midfield,,,,,0.0,0.0,0.0,0.0,0.0,0.0
242652,Lewis Page,West Ham United,1996-05-20,Defender,Left-Back,left,178.0,,125000.0,0.0,0.0,0.0,0.0,0.0,0.0
242681,Josh Vickers,Swansea City,1995-12-01,Goalkeeper,Goalkeeper,,193.0,,300000.0,0.0,0.0,0.0,0.0,0.0,0.0
243589,Josh Onomah,Fulham FC,1997-04-27,Midfield,Central Midfield,right,185.0,,1200000.0,0.0,0.0,0.0,0.0,0.0,0.0
243591,Lawrence Vigouroux,Swansea City,1993-11-19,Goalkeeper,Goalkeeper,left,194.0,9.0,450000.0,0.0,0.0,0.0,0.0,0.0,0.0
243610,Jonathan Henly,Reading FC,1994-03-15,Goalkeeper,Goalkeeper,,193.0,,,0.0,0.0,0.0,0.0,0.0,0.0
243690,Jerell Sellars,Aston Villa,1995-12-11,Midfield,Left Midfield,left,173.0,,150000.0,0.0,0.0,0.0,0.0,0.0,0.0
244040,Lloyd Jones,Liverpool FC,1995-10-07,Defender,Centre-Back,right,191.0,,300000.0,0.0,0.0,0.0,0.0,0.0,0.0
244125,Hiram Boateng,Crystal Palace,1996-01-08,Midfield,Central Midfield,left,182.0,,250000.0,0.0,0.0,0.0,0.0,0.0,0.0
244140,Quade Taylor,Crystal Palace,1993-12-11,Defender,Centre-Back,right,191.0,,,0.0,0.0,0.0,0.0,0.0,0.0
244290,Jake Gray,Crystal Palace,1995-12-25,Midfield,Central Midfield,,180.0,,100000.0,0.0,0.0,0.0,0.0,0.0,0.0
244309,Luke Croll,Crystal Palace,1995-01-10,Defender,Centre-Back,left,185.0,,10000.0,0.0,0.0,0.0,0.0,0.0,0.0
244338,Pelly Ruddock Mpanzu,Luton Town,1994-03-22,Midfield,Defensive Midfield,right,175.0,,1500000.0,0.0,0.0,0.0,0.0,0.0,0.0
245056,Saša Lukić,Fulham FC,1996-08-13,Midfield,Central Midfield,right,182.0,62.0,10000000.0,22.0,1.0,2.0,1374.0,7.0,0.0
245334,Jerome Binnom-Williams,Crystal Palace,1995-03-07,Defender,Left-Back,left,187.0,,100000.0,0.0,0.0,0.0,0.0,0.0,0.0
245585,Reece James,Manchester United,1993-11-07,Defender,Left-Back,left,182.0,,400000.0,0.0,0.0,0.0,0.0,0.0,0.0
245625,Alex Palmer,Ipswich Town,1996-08-10,Goalkeeper,Goalkeeper,right,191.0,4.0,900000.0,0.0,0.0,0.0,0.0,0.0,0.0
245805,Izzy Brown,Chelsea FC,1997-01-07,Attack,Second Striker,right,182.0,,800000.0,0.0,0.0,0.0,0.0,0.0,0.0
246963,Carlton Morris,Luton Town,1995-12-16,Attack,Centre-Forward,right,185.0,,13000000.0,0.0,0.0,0.0,0.0,0.0,0.0
247647,Ryan Seager,Southampton FC,1996-02-05,Attack,Centre-Forward,right,176.0,,100000.0,0.0,0.0,0.0,0.0,0.0,0.0
247666,Ricardo Santos,Swansea City,1995-06-18,Defender,Centre-Back,right,198.0,1.0,,0.0,0.0,0.0,0.0,0.0,0.0
248045,Duncan Watmore,Sunderland AFC,1994-03-08,Attack,Right Winger,right,175.0,,1000000.0,0.0,0.0,0.0,0.0,0.0,0.0
249089,Lewis Cook,AFC Bournemouth,1997-02-03,Midfield,Central Midfield,right,175.0,1.0,11000000.0,17.0,0.0,1.0,868.0,1.0,0.0
249126,Harry Winks,Leicester City,1996-02-02,Midfield,Defensive Midfield,right,178.0,10.0,7000000.0,0.0,0.0,0.0,0.0,0.0,0.0
249356,Jack Stacey,AFC Bournemouth,1996-04-06,Defender,Right-Back,right,180.0,,2200000.0,0.0,0.0,0.0,0.0,0.0,0.0
249565,Youri Tielemans,Aston Villa,1997-05-07,Midfield,Central Midfield,right,176.0,90.0,30000000.0,21.0,0.0,4.0,1548.0,0.0,0.0
249873,Tariqe Fosu,Brentford FC,1995-11-05,Attack,Left Winger,right,180.0,,1500000.0,0.0,0.0,0.0,0.0,0.0,0.0
249994,José Sá,Wolverhampton Wanderers,1993-01-17,Goalkeeper,Goalkeeper,right,192.0,5.0,3500000.0,20.0,0.0,0.0,1800.0,2.0,0.0
250426,Adam Armstrong,Wolverhampton Wanderers,1997-02-10,Attack,Centre-Forward,right,173.0,5.0,6000000.0,14.0,2.0,2.0,1147.0,3.0,0.0
250431,Jamie Sterry,Newcastle United,1995-11-21,Defender,Right-Back,right,180.0,,125000.0,0.0,0.0,0.0,0.0,0.0,0.0
250478,Matt Targett,Newcastle United,1995-09-18,Defender,Left-Back,left,183.0,13.0,3000000.0,0.0,0.0,0.0,0.0,0.0,0.0
251058,James Weir,Hull City,1995-08-04,Midfield,Central Midfield,right,177.0,,150000.0,0.0,0.0,0.0,0.0,0.0,0.0
251106,Enes Ünal,AFC Bournemouth,1997-05-10,Attack,Centre-Forward,right,187.0,34.0,7000000.0,23.0,1.0,0.0,214.0,1.0,0.0
251289,Jordan Lyden,Aston Villa,1996-01-30,Midfield,Defensive Midfield,right,183.0,,175000.0,0.0,0.0,0.0,0.0,0.0,0.0
251829,Shaq Coulthirst,Tottenham Hotspur,1994-11-02,Attack,Centre-Forward,right,180.0,,100000.0,0.0,0.0,0.0,0.0,0.0,0.0
251912,Semi Ajayi,Hull City,1993-11-09,Defender,Centre-Back,right,193.0,56.0,700000.0,0.0,0.0,0.0,0.0,0.0,0.0
253677,Tyrone Mings,Aston Villa,1993-03-13,Defender,Centre-Back,left,196.0,18.0,3000000.0,13.0,0.0,1.0,963.0,1.0,0.0
255703,Harry Cornick,AFC Bournemouth,1995-04-09,Attack,Centre-Forward,,180.0,,1200000.0,0.0,0.0,0.0,0.0,0.0,0.0
255731,Wes Burns,Ipswich Town,1994-11-23,Midfield,Right Midfield,right,173.0,10.0,1200000.0,0.0,0.0,0.0,0.0,0.0,0.0
255788,Cameron Burgess,Swansea City,1995-10-21,Defender,Centre-Back,left,194.0,29.0,1500000.0,0.0,0.0,0.0,0.0,0.0,0.0
256178,Joe Gomez,Liverpool FC,1997-05-23,Defender,Centre-Back,right,188.0,15.0,13000000.0,19.0,0.0,2.0,571.0,4.0,0.0
256652,Adnan Maric,Swansea City,1997-02-17,Midfield,Defensive Midfield,,181.0,,225000.0,0.0,0.0,0.0,0.0,0.0,0.0
257293,Jonny Maddison,Leicester City,1994-09-04,Goalkeeper,Goalkeeper,,183.0,,50000.0,0.0,0.0,0.0,0.0,0.0,0.0
257455,João Palhinha,Tottenham Hotspur,1995-07-09,Midfield,Defensive Midfield,right,190.0,37.0,15000000.0,29.0,4.0,2.0,1954.0,8.0,0.0
257533,Greg Olley,Hull City,1996-02-02,Midfield,Attacking Midfield,right,177.0,,,0.0,0.0,0.0,0.0,0.0,0.0
257534,Emmanuel Onariase,West Ham United,1996-10-21,Defender,Centre-Back,right,188.0,,50000.0,0.0,0.0,0.0,0.0,0.0,0.0
257968,Tommy Robson,Sunderland AFC,1995-09-11,Defender,Left-Back,left,178.0,,250000.0,0.0,0.0,0.0,0.0,0.0,0.0
258004,Rúben Dias,Manchester City,1997-05-14,Defender,Centre-Back,right,187.0,80.0,55000000.0,23.0,2.0,0.0,1955.0,3.0,0.0
258023,Sam Howes,West Ham United,1997-11-10,Goalkeeper,Goalkeeper,right,190.0,,,0.0,0.0,0.0,0.0,0.0,0.0
258216,Kasey Palmer,Luton Town,1996-11-09,Midfield,Attacking Midfield,right,182.0,23.0,900000.0,0.0,0.0,0.0,0.0,0.0,0.0
258310,Joel Taylor,Stoke City,1996-03-24,Defender,Left-Back,left,180.0,,,0.0,0.0,0.0,0.0,0.0,0.0
258311,Sam Westley,West Ham United,1994-02-04,Defender,Right-Back,right,182.0,,50000.0,0.0,0.0,0.0,0.0,0.0,0.0
258878,Tosin Adarabioyo,Chelsea FC,1997-09-24,Defender,Centre-Back,right,197.0,1.0,16000000.0,13.0,0.0,0.0,519.0,2.0,0.0
258884,Ryan Ledson,Everton FC,1997-08-19,Midfield,Central Midfield,right,178.0,,1500000.0,0.0,0.0,0.0,0.0,0.0,0.0
258885,Max Lowe,Sheffield United,1997-05-11,Defender,Left-Back,left,175.0,,2500000.0,0.0,0.0,0.0,0.0,0.0,0.0
258888,Kyle Scott,Chelsea FC,1997-12-22,Midfield,Central Midfield,right,172.0,,175000.0,0.0,0.0,0.0,0.0,0.0,0.0
258889,Dominic Solanke,Tottenham Hotspur,1997-09-14,Attack,Centre-Forward,right,186.0,5.0,28000000.0,13.0,3.0,0.0,970.0,1.0,0.0
258919,Dean Henderson,Crystal Palace,1997-03-12,Goalkeeper,Goalkeeper,right,188.0,5.0,28000000.0,33.0,0.0,0.0,2970.0,5.0,0.0
258920,Ryan Huddart,Arsenal FC,1997-03-06,Goalkeeper,Goalkeeper,,196.0,,,0.0,0.0,0.0,0.0,0.0,0.0
259892,Charlie Ward,Stoke City,1995-02-19,Midfield,Central Midfield,,173.0,,225000.0,0.0,0.0,0.0,0.0,0.0,0.0
260827,Joachim Andersen,Fulham FC,1996-05-31,Defender,Centre-Back,right,192.0,51.0,20000000.0,29.0,0.0,1.0,2517.0,7.0,0.0
260841,Daniel Iversen,Leicester City,1997-07-19,Goalkeeper,Goalkeeper,right,193.0,0.0,2500000.0,0.0,0.0,0.0,0.0,0.0,0.0
261357,Cameron Brannagan,Liverpool FC,1996-05-09,Midfield,Central Midfield,right,180.0,,500000.0,0.0,0.0,0.0,0.0,0.0,0.0
261367,Connor Dymond,Crystal Palace,1994-09-12,Midfield,Defensive Midfield,right,,,,0.0,0.0,0.0,0.0,0.0,0.0
261739,Tareiq Holmes-Dennis,Huddersfield Town,1995-10-31,Defender,Left-Back,left,175.0,,250000.0,0.0,0.0,0.0,0.0,0.0,0.0
262226,Timothy Castagne,Fulham FC,1995-12-05,Defender,Right-Back,right,185.0,69.0,8000000.0,27.0,0.0,0.0,1714.0,4.0,0.0
262300,Ryan Manning,Southampton FC,1996-06-14,Defender,Left-Back,left,173.0,23.0,2800000.0,0.0,0.0,0.0,0.0,0.0,0.0
262749,David Raya,Arsenal FC,1995-09-15,Goalkeeper,Goalkeeper,right,186.0,13.0,30000000.0,33.0,0.0,0.0,2970.0,0.0,0.0
262895,Soufyan Ahannach,Brighton & Hove Albion,1995-09-09,Attack,Left Winger,right,179.0,,350000.0,0.0,0.0,0.0,0.0,0.0,0.0
262980,Jefferson Lerma,Crystal Palace,1994-10-25,Midfield,Defensive Midfield,right,180.0,70.0,6000000.0,27.0,0.0,4.0,1593.0,7.0,0.0
263236,Kevin Danso,Tottenham Hotspur,1998-09-19,Defender,Centre-Back,right,190.0,36.0,20000000.0,22.0,0.0,0.0,1480.0,8.0,0.0
263556,Joe Maguire,Liverpool FC,1996-01-18,Defender,Left-Back,left,179.0,,100000.0,0.0,0.0,0.0,0.0,0.0,0.0
264191,Harry Charsley,Everton FC,1996-11-01,Midfield,Central Midfield,right,178.0,,250000.0,0.0,0.0,0.0,0.0,0.0,0.0
264199,Reece Grego-Cox,Queens Park Rangers,1996-11-12,Midfield,Right Midfield,right,178.0,,100000.0,0.0,0.0,0.0,0.0,0.0,0.0
264220,Reece Burke,Luton Town,1996-09-02,Defender,Centre-Back,right,189.0,,1800000.0,0.0,0.0,0.0,0.0,0.0,0.0
264406,Calaum Jahraldo-Martin,Hull City,1993-04-27,Attack,Right Winger,,175.0,,100000.0,0.0,0.0,0.0,0.0,0.0,0.0
265132,Kevin Toner,Aston Villa,1996-07-18,Defender,Centre-Back,left,180.0,,150000.0,0.0,0.0,0.0,0.0,0.0,0.0
265312,Liam Agnew,Sunderland AFC,1995-04-11,Midfield,Central Midfield,right,178.0,,,0.0,0.0,0.0,0.0,0.0,0.0
265471,Matt Grimes,Swansea City,1995-07-15,Midfield,Central Midfield,left,178.0,,7000000.0,0.0,0.0,0.0,0.0,0.0,0.0
268185,Joe Williams,Everton FC,1996-12-08,Midfield,Central Midfield,right,185.0,,1200000.0,0.0,0.0,0.0,0.0,0.0,0.0
270171,Vitaly Janelt,Brentford FC,1998-05-10,Midfield,Defensive Midfield,left,184.0,10.0,16000000.0,25.0,1.0,4.0,1437.0,8.0,0.0
272621,Sylvain Deslandes,Wolverhampton Wanderers,1997-04-25,Defender,Centre-Back,left,190.0,,200000.0,0.0,0.0,0.0,0.0,0.0,0.0
272622,Issa Diop,Fulham FC,1997-01-09,Defender,Centre-Back,right,194.0,9.0,8000000.0,13.0,1.0,0.0,814.0,2.0,0.0
273742,Viktor Johansson,Stoke City,1998-09-14,Goalkeeper,Goalkeeper,right,187.0,12.0,12000000.0,0.0,0.0,0.0,0.0,0.0,0.0
273773,Jonathan Benteke,Crystal Palace,1995-04-28,Attack,Centre-Forward,right,186.0,,75000.0,0.0,0.0,0.0,0.0,0.0,0.0
277033,David Brooks,AFC Bournemouth,1997-07-08,Attack,Right Winger,left,173.0,45.0,12000000.0,27.0,1.0,2.0,918.0,5.0,0.0
278092,Jack Payne,Huddersfield Town,1994-10-25,Midfield,Attacking Midfield,left,165.0,,500000.0,0.0,0.0,0.0,0.0,0.0,0.0
279454,MJ Williams,Liverpool FC,1995-11-06,Midfield,Defensive Midfield,right,187.0,,250000.0,0.0,0.0,0.0,0.0,0.0,0.0
279455,Harry Wilson,Fulham FC,1997-03-22,Attack,Right Winger,left,173.0,69.0,25000000.0,32.0,10.0,7.0,2486.0,7.0,0.0
282821,Corey Blackett-Taylor,Aston Villa,1997-09-23,Attack,Right Winger,right,180.0,,350000.0,0.0,0.0,0.0,0.0,0.0,0.0
282823,Alfie Whiteman,Tottenham Hotspur,1998-10-02,Goalkeeper,Goalkeeper,right,188.0,1.0,500000.0,0.0,0.0,0.0,0.0,0.0,0.0
282939,Luke O'Nien,Sunderland AFC,1994-11-21,Defender,Centre-Back,right,174.0,,700000.0,12.0,0.0,1.0,564.0,1.0,0.0
283628,Tomáš Souček,West Ham United,1995-02-27,Midfield,Defensive Midfield,right,192.0,93.0,10000000.0,31.0,5.0,0.0,1966.0,3.0,0.0
283655,Grant Ward,Tottenham Hotspur,1994-12-05,Midfield,Right Midfield,right,178.0,,275000.0,0.0,0.0,0.0,0.0,0.0,0.0
284320,Dion Charles,Huddersfield Town,1995-10-07,Attack,Centre-Forward,right,178.0,33.0,500000.0,0.0,0.0,0.0,0.0,0.0,0.0
284717,Jake Flannigan,Southampton FC,1996-02-02,Midfield,Defensive Midfield,right,180.0,,,0.0,0.0,0.0,0.0,0.0,0.0
284730,Manuel Akanji,Manchester City,1995-07-19,Defender,Centre-Back,right,188.0,86.0,17000000.0,0.0,0.0,0.0,0.0,0.0,0.0
284754,Joe Ward,West Bromwich Albion,1996-10-24,Midfield,Attacking Midfield,right,,,,0.0,0.0,0.0,0.0,0.0,0.0
284763,Michael Cain,Leicester City,1994-02-18,Midfield,Central Midfield,right,182.0,,100000.0,0.0,0.0,0.0,0.0,0.0,0.0
284857,Marc Cucurella,Chelsea FC,1998-07-22,Defender,Left-Back,left,173.0,30.0,50000000.0,30.0,1.0,3.0,2416.0,8.0,0.0
285033,Will Norris,Burnley FC,1993-08-12,Goalkeeper,Goalkeeper,left,195.0,,350000.0,0.0,0.0,0.0,0.0,0.0,0.0
285551,Joel Coleman,Huddersfield Town,1995-09-26,Goalkeeper,Goalkeeper,right,198.0,,250000.0,0.0,0.0,0.0,0.0,0.0,0.0
285583,Harry Burgoyne,Wolverhampton Wanderers,1996-12-28,Goalkeeper,Goalkeeper,right,193.0,,150000.0,0.0,0.0,0.0,0.0,0.0,0.0
285847,Stefan O'Connor,Arsenal FC,1997-01-23,Defender,Centre-Back,right,193.0,,50000.0,0.0,0.0,0.0,0.0,0.0,0.0
286047,Guglielmo Vicario,Tottenham Hotspur,1996-10-07,Goalkeeper,Goalkeeper,right,194.0,5.0,18000000.0,27.0,0.0,0.0,2430.0,1.0,0.0
287247,Krystian Bielik,Arsenal FC,1998-01-04,Midfield,Defensive Midfield,right,189.0,,2500000.0,0.0,0.0,0.0,0.0,0.0,0.0
287431,Alfie Mawson,Fulham FC,1994-01-19,Defender,Centre-Back,right,189.0,,2500000.0,0.0,0.0,0.0,0.0,0.0,0.0
287528,Connor Mahoney,AFC Bournemouth,1997-02-12,Attack,Right Winger,left,175.0,,300000.0,0.0,0.0,0.0,0.0,0.0,0.0
288323,Marcus Harness,Ipswich Town,1996-02-24,Midfield,Attacking Midfield,right,182.0,,750000.0,0.0,0.0,0.0,0.0,0.0,0.0
289844,Josh Harrop,Manchester United,1995-12-15,Midfield,Attacking Midfield,right,175.0,,200000.0,0.0,0.0,0.0,0.0,0.0,0.0
289846,Ashley Fletcher,Watford FC,1995-10-02,Attack,Centre-Forward,right,185.0,,800000.0,0.0,0.0,0.0,0.0,0.0,0.0
290788,Kaylen Hinds,Watford FC,1998-01-28,Attack,Second Striker,right,179.0,,300000.0,0.0,0.0,0.0,0.0,0.0,0.0
291544,Jordan Hugill,Norwich City,1992-06-04,Attack,Centre-Forward,right,183.0,,700000.0,0.0,0.0,0.0,0.0,0.0,0.0
292246,Hee-chan Hwang,Wolverhampton Wanderers,1996-01-26,Attack,Centre-Forward,right,177.0,82.0,6000000.0,22.0,1.0,2.0,1282.0,5.0,0.0
293194,Borna Sosa,Crystal Palace,1998-01-21,Defender,Left-Back,left,187.0,27.0,3000000.0,7.0,0.0,0.0,99.0,1.0,0.0
293257,Matija Sarkic,Wolverhampton Wanderers,1997-07-23,Goalkeeper,Goalkeeper,right,194.0,,2000000.0,0.0,0.0,0.0,0.0,0.0,0.0
293281,Jacob Bruun Larsen,Burnley FC,1998-09-19,Attack,Left Winger,right,183.0,8.0,4000000.0,25.0,0.0,0.0,845.0,0.0,0.0
293450,Baily Cargill,AFC Bournemouth,1995-07-05,Defender,Centre-Back,left,189.0,,200000.0,0.0,0.0,0.0,0.0,0.0,0.0
293784,Conor Masterson,Liverpool FC,1998-09-08,Defender,Centre-Back,right,185.0,,250000.0,0.0,0.0,0.0,0.0,0.0,0.0
294057,James Maddison,Tottenham Hotspur,1996-11-23,Midfield,Attacking Midfield,right,175.0,7.0,20000000.0,3.0,0.0,0.0,34.0,0.0,0.0
295073,Kleton Perntreou,Crystal Palace,1995-01-08,Goalkeeper,Goalkeeper,right,189.0,,200000.0,0.0,0.0,0.0,0.0,0.0,0.0
295313,Taiwo Awoniyi,Nottingham Forest,1997-08-12,Attack,Centre-Forward,right,183.0,10.0,8000000.0,17.0,4.0,2.0,481.0,2.0,0.0
295652,James Pearson,Leicester City,1993-01-19,Defender,Right-Back,right,186.0,,100000.0,0.0,0.0,0.0,0.0,0.0,0.0
296582,Max O'Leary,West Bromwich Albion,1996-10-10,Goalkeeper,Goalkeeper,right,189.0,2.0,2000000.0,0.0,0.0,0.0,0.0,0.0,0.0
296802,Walter Benítez,Crystal Palace,1993-01-19,Goalkeeper,Goalkeeper,right,191.0,1.0,4000000.0,1.0,0.0,0.0,90.0,0.0,0.0
296978,Liam Cullen,Swansea City,1999-04-23,Midfield,Attacking Midfield,left,178.0,15.0,3200000.0,0.0,0.0,0.0,0.0,0.0,0.0
296986,Tyler Roberts,Leeds United,1999-01-12,Attack,Centre-Forward,right,180.0,,3000000.0,0.0,0.0,0.0,0.0,0.0,0.0
297212,Joe Rodon,Leeds United,1997-10-22,Defender,Centre-Back,right,193.0,62.0,18000000.0,31.0,2.0,0.0,2594.0,3.0,0.0
297257,Mikey Johnston,West Bromwich Albion,1999-04-19,Attack,Left Winger,right,176.0,19.0,4000000.0,0.0,0.0,0.0,0.0,0.0,0.0
298091,Harry Souttar,Leicester City,1998-10-22,Defender,Centre-Back,right,198.0,36.0,6000000.0,0.0,0.0,0.0,0.0,0.0,0.0
298231,Courtney Baker-Richardson,Swansea City,1995-12-05,Attack,Centre-Forward,right,185.0,,250000.0,0.0,0.0,0.0,0.0,0.0,0.0
298240,George Thomas,Leicester City,1997-03-24,Midfield,Attacking Midfield,right,173.0,,275000.0,0.0,0.0,0.0,0.0,0.0,0.0
305274,Fred Onyedinma,Luton Town,1996-11-24,Midfield,Attacking Midfield,right,185.0,,500000.0,0.0,0.0,0.0,0.0,0.0,0.0
306024,Dominic Calvert-Lewin,Leeds United,1997-03-16,Attack,Centre-Forward,right,189.0,12.0,22000000.0,33.0,14.0,1.0,2641.0,3.0,0.0
307497,Matt Clarke,Brighton & Hove Albion,1996-09-22,Defender,Centre-Back,left,185.0,,3500000.0,0.0,0.0,0.0,0.0,0.0,0.0
307763,Anton Walkes,Tottenham Hotspur,1997-02-08,Defender,Centre-Back,right,187.0,,1000000.0,0.0,0.0,0.0,0.0,0.0,0.0
307781,Lynden Gooch,Sunderland AFC,1995-12-24,Attack,Right Winger,right,173.0,,1200000.0,0.0,0.0,0.0,0.0,0.0,0.0
308632,Callum Connolly,Everton FC,1997-09-23,Midfield,Defensive Midfield,right,183.0,,1200000.0,0.0,0.0,0.0,0.0,0.0,0.0
309400,Kai Havertz,Arsenal FC,1999-06-11,Attack,Centre-Forward,left,193.0,62.0,55000000.0,11.0,2.0,3.0,553.0,1.0,0.0
312017,Ramadan Sobhi,Huddersfield Town,1997-01-23,Attack,Left Winger,right,183.0,,3000000.0,0.0,0.0,0.0,0.0,0.0,0.0
312533,Callum Williams,Newcastle United,1997-02-04,Defender,Right-Back,right,180.0,,,0.0,0.0,0.0,0.0,0.0,0.0
312553,Liam Gibson,Newcastle United,1997-04-25,Defender,Left-Back,,,,200000.0,0.0,0.0,0.0,0.0,0.0,0.0
314140,Dael Fry,Middlesbrough FC,1997-08-30,Defender,Centre-Back,right,190.0,,5000000.0,0.0,0.0,0.0,0.0,0.0,0.0
314183,Karlan Grant,West Bromwich Albion,1997-09-18,Attack,Centre-Forward,right,183.0,,4500000.0,0.0,0.0,0.0,0.0,0.0,0.0
314210,Tom Davies,Sheffield United,1998-06-30,Midfield,Central Midfield,right,180.0,,5000000.0,0.0,0.0,0.0,0.0,0.0,0.0
314237,Rushian Hepburn-Murphy,Aston Villa,1998-08-28,Attack,Centre-Forward,right,173.0,,200000.0,0.0,0.0,0.0,0.0,0.0,0.0
314241,Josh Laurent,Burnley FC,1995-05-06,Midfield,Central Midfield,right,188.0,,1500000.0,30.0,1.0,0.0,1661.0,6.0,0.0
314253,Herbie Kane,Liverpool FC,1998-11-23,Midfield,Central Midfield,right,175.0,,1100000.0,0.0,0.0,0.0,0.0,0.0,0.0
314266,Jonathan Leko,West Bromwich Albion,1999-04-24,Attack,Right Winger,right,182.0,,500000.0,0.0,0.0,0.0,0.0,0.0,0.0
314284,Layton Ndukwu,Leicester City,1998-09-07,Midfield,Attacking Midfield,left,177.0,,100000.0,0.0,0.0,0.0,0.0,0.0,0.0
314288,Lukas Nmecha,Leeds United,1998-12-14,Attack,Centre-Forward,right,185.0,7.0,10000000.0,27.0,5.0,1.0,938.0,0.0,0.0
314341,Chris Willock,Arsenal FC,1998-01-31,Attack,Left Winger,right,178.0,,2000000.0,0.0,0.0,0.0,0.0,0.0,0.0
314366,Kyle Edwards,West Bromwich Albion,1998-02-17,Midfield,Left Midfield,right,178.0,,350000.0,0.0,0.0,0.0,0.0,0.0,0.0
314367,Marcus Edwards,Burnley FC,1998-12-03,Attack,Right Winger,left,168.0,8.0,6000000.0,22.0,1.0,3.0,1060.0,0.0,0.0
314372,Darnell Johnson,Leicester City,1998-09-03,Defender,Centre-Back,right,185.0,,125000.0,0.0,0.0,0.0,0.0,0.0,0.0
314378,Admiral Muskwe,Luton Town,1998-08-21,Attack,Centre-Forward,right,183.0,,275000.0,0.0,0.0,0.0,0.0,0.0,0.0
314384,Ben Sheaf,Arsenal FC,1998-02-05,Midfield,Defensive Midfield,right,185.0,,3800000.0,0.0,0.0,0.0,0.0,0.0,0.0
314388,Ro-Shaun Williams,Manchester United,1998-09-03,Defender,Centre-Back,right,184.0,,250000.0,0.0,0.0,0.0,0.0,0.0,0.0
314875,Jarrod Bowen,West Ham United,1996-12-20,Attack,Right Winger,left,176.0,22.0,30000000.0,34.0,8.0,11.0,3049.0,4.0,0.0
315185,Jake Hesketh,Southampton FC,1996-03-27,Midfield,Attacking Midfield,right,168.0,,200000.0,0.0,0.0,0.0,0.0,0.0,0.0
315858,Gianluigi Donnarumma,Manchester City,1999-02-25,Goalkeeper,Goalkeeper,right,196.0,83.0,45000000.0,34.0,0.0,0.0,3060.0,7.0,0.0
316264,Martin Ødegaard,Arsenal FC,1998-12-17,Midfield,Attacking Midfield,left,178.0,72.0,65000000.0,20.0,1.0,7.0,1205.0,0.0,0.0
316551,Jake Clarke-Salter,Chelsea FC,1997-09-22,Defender,Centre-Back,left,188.0,,1500000.0,0.0,0.0,0.0,0.0,0.0,0.0
318224,Johan Ter Horst,Hull City,1995-04-06,Attack,Centre-Forward,,,,,0.0,0.0,0.0,0.0,0.0,0.0
318508,Olivier Boscagli,Brighton & Hove Albion,1997-11-18,Defender,Centre-Back,left,181.0,5.0,15000000.0,12.0,0.0,1.0,800.0,2.0,0.0
318547,Mateusz Hewelt,Everton FC,1996-09-23,Goalkeeper,Goalkeeper,right,191.0,,125000.0,0.0,0.0,0.0,0.0,0.0,0.0
319301,Daniel James,Leeds United,1997-11-10,Attack,Right Winger,right,171.0,65.0,10000000.0,15.0,0.0,0.0,337.0,0.0,0.0
319817,Niall Mason,Aston Villa,1997-01-10,Defender,Centre-Back,right,180.0,,150000.0,0.0,0.0,0.0,0.0,0.0,0.0
319859,Mathias Jensen,Brentford FC,1996-01-01,Midfield,Central Midfield,right,180.0,32.0,10000000.0,33.0,3.0,1.0,2099.0,3.0,0.0
319900,Elijah Adebayo,Luton Town,1998-01-07,Attack,Centre-Forward,,193.0,,12000000.0,0.0,0.0,0.0,0.0,0.0,0.0
320213,Rees Greenwood,Sunderland AFC,1996-12-10,Midfield,Attacking Midfield,right,176.0,,25000.0,0.0,0.0,0.0,0.0,0.0,0.0
320220,Noor Husin,Crystal Palace,1997-03-03,Midfield,Central Midfield,,177.0,,100000.0,0.0,0.0,0.0,0.0,0.0,0.0
320228,Michael Ledger,Sunderland AFC,1997-08-15,Defender,Centre-Back,right,186.0,,225000.0,0.0,0.0,0.0,0.0,0.0,0.0
320411,Philip Billing,AFC Bournemouth,1996-06-11,Midfield,Central Midfield,left,193.0,6.0,6000000.0,0.0,0.0,0.0,0.0,0.0,0.0
320913,Anthony Georgiou,Tottenham Hotspur,1997-02-24,Attack,Left Winger,left,179.0,,100000.0,0.0,0.0,0.0,0.0,0.0,0.0
321247,Emiliano Buendía,Aston Villa,1996-12-25,Attack,Left Winger,right,172.0,2.0,16000000.0,33.0,6.0,2.0,1585.0,5.0,0.0
322089,Benny Ashley-Seal,Wolverhampton Wanderers,1998-11-21,Attack,Centre-Forward,right,185.0,,75000.0,0.0,0.0,0.0,0.0,0.0,0.0
322702,Benson Manuel,Burnley FC,1997-03-28,Attack,Right Winger,left,166.0,,5000000.0,0.0,0.0,0.0,0.0,0.0,0.0
322985,Gustavo Hamer,Sheffield United,1997-06-24,Midfield,Central Midfield,right,169.0,,15000000.0,0.0,0.0,0.0,0.0,0.0,0.0
324223,James Bree,Southampton FC,1997-12-11,Defender,Right-Back,right,182.0,,2500000.0,0.0,0.0,0.0,0.0,0.0,0.0
324358,Ollie Watkins,Aston Villa,1995-12-30,Attack,Centre-Forward,right,180.0,23.0,25000000.0,33.0,16.0,3.0,2501.0,4.0,0.0
324882,Marvelous Nakamba,Luton Town,1994-01-19,Midfield,Defensive Midfield,left,177.0,,5000000.0,0.0,0.0,0.0,0.0,0.0,0.0
325443,Viktor Gyökeres,Arsenal FC,1998-06-04,Attack,Centre-Forward,right,189.0,37.0,65000000.0,32.0,11.0,1.0,1923.0,4.0,0.0
326031,Matthijs de Ligt,Manchester United,1999-08-12,Defender,Centre-Back,right,189.0,52.0,30000000.0,10.0,1.0,0.0,900.0,0.0,0.0
328658,Kristoffer Ajer,Brentford FC,1998-04-17,Defender,Centre-Back,right,198.0,56.0,18000000.0,25.0,0.0,0.0,1797.0,4.0,0.0
330659,Justin Kluivert,AFC Bournemouth,1999-05-05,Midfield,Attacking Midfield,both,173.0,14.0,25000000.0,17.0,2.0,0.0,909.0,5.0,0.0
332338,Vashon Neufville,West Ham United,1999-07-18,Defender,Left-Back,,172.0,,125000.0,0.0,0.0,0.0,0.0,0.0,0.0
332705,Tyler Adams,AFC Bournemouth,1999-02-14,Midfield,Defensive Midfield,right,175.0,58.0,25000000.0,21.0,2.0,2.0,1421.0,5.0,0.0
333014,Sander Berge,Fulham FC,1998-02-14,Midfield,Defensive Midfield,right,195.0,70.0,25000000.0,31.0,0.0,1.0,2581.0,4.0,0.0
333241,Joelinton,Newcastle United,1996-08-14,Midfield,Central Midfield,right,186.0,8.0,25000000.0,24.0,2.0,1.0,1732.0,9.0,0.0
335541,Oliver Shenton,Stoke City,1997-11-06,Midfield,Attacking Midfield,left,175.0,,,0.0,0.0,0.0,0.0,0.0,0.0
335593,Ben Barclay,Brighton & Hove Albion,1996-10-07,Defender,Centre-Back,right,187.0,,150000.0,0.0,0.0,0.0,0.0,0.0,0.0
335595,Dessie Hutchinson,Brighton & Hove Albion,1996-12-05,Midfield,Defensive Midfield,right,,,,0.0,0.0,0.0,0.0,0.0,0.0
335721,Ben White,Arsenal FC,1997-10-08,Defender,Right-Back,right,186.0,6.0,30000000.0,11.0,0.0,1.0,633.0,0.0,0.0
336077,Altay Bayındır,Manchester United,1998-04-14,Goalkeeper,Goalkeeper,right,198.0,12.0,5000000.0,3.0,0.0,0.0,270.0,0.0,0.0
336367,Joe Lumley,Southampton FC,1995-02-15,Goalkeeper,Goalkeeper,right,190.0,,450000.0,0.0,0.0,0.0,0.0,0.0,0.0
337321,Nathan Holland,West Ham United,1998-06-19,Attack,Left Winger,right,176.0,,300000.0,0.0,0.0,0.0,0.0,0.0,0.0
338424,Mikel Merino,Arsenal FC,1996-06-22,Midfield,Central Midfield,left,188.0,49.0,25000000.0,19.0,4.0,3.0,860.0,1.0,0.0
338629,Sebastiaan Bornauw,Leeds United,1999-03-22,Defender,Centre-Back,right,191.0,4.0,8000000.0,12.0,0.0,0.0,433.0,1.0,0.0
339013,Mason Bloomfield,Norwich City,1996-11-06,Attack,Centre-Forward,right,191.0,,75000.0,0.0,0.0,0.0,0.0,0.0,0.0
339253,Daniel Grimshaw,Manchester City,1998-01-16,Goalkeeper,Goalkeeper,right,185.0,,500000.0,0.0,0.0,0.0,0.0,0.0,0.0
339340,Tyrell Malacia,Manchester United,1999-08-17,Defender,Left-Back,left,169.0,9.0,4000000.0,3.0,0.0,0.0,15.0,0.0,0.0
339556,Rico Henry,Brentford FC,1997-07-08,Defender,Left-Back,left,170.0,1.0,13000000.0,21.0,0.0,0.0,1199.0,1.0,0.0
339789,Josh Pask,West Ham United,1997-11-01,Defender,Centre-Back,right,187.0,,75000.0,0.0,0.0,0.0,0.0,0.0,0.0
339795,Marcus Barnes,Southampton FC,1996-12-01,Attack,Centre-Forward,left,185.0,,50000.0,0.0,0.0,0.0,0.0,0.0,0.0
340194,Regan Poole,Manchester United,1998-06-18,Defender,Right-Back,right,180.0,,450000.0,0.0,0.0,0.0,0.0,0.0,0.0
340307,Tolaji Bola,Arsenal FC,1999-01-04,Defender,Left-Back,left,181.0,,150000.0,0.0,0.0,0.0,0.0,0.0,0.0
340320,Marcus McGuane,Arsenal FC,1999-02-02,Midfield,Defensive Midfield,right,178.0,,350000.0,0.0,0.0,0.0,0.0,0.0,0.0
340321,Josh Dasilva,Brentford FC,1998-10-23,Midfield,Central Midfield,left,184.0,5.0,1500000.0,2.0,0.0,0.0,2.0,0.0,0.0
340324,Eddie Nketiah,Crystal Palace,1999-05-30,Attack,Centre-Forward,right,175.0,1.0,10000000.0,12.0,2.0,0.0,416.0,2.0,0.0
340325,Reiss Nelson,Brentford FC,1999-12-10,Attack,Left Winger,right,175.0,12.0,8000000.0,10.0,0.0,1.0,118.0,0.0,0.0
340328,Stephy Mavididi,Leicester City,1998-05-31,Attack,Left Winger,right,182.0,3.0,8000000.0,0.0,0.0,0.0,0.0,0.0,0.0
340329,Joe Willock,Newcastle United,1999-08-20,Midfield,Central Midfield,right,186.0,4.0,14000000.0,23.0,0.0,2.0,955.0,3.0,0.0
340456,Noussair Mazraoui,Manchester United,1997-11-14,Defender,Right-Back,right,183.0,51.0,18000000.0,19.0,0.0,0.0,979.0,3.0,0.0
340918,Caoimhín Kelleher,Brentford FC,1998-11-23,Goalkeeper,Goalkeeper,right,188.0,32.0,28000000.0,33.0,0.0,0.0,2970.0,0.0,0.0
340990,Alfie Jones,Middlesbrough FC,1997-10-07,Defender,Centre-Back,right,191.0,2.0,6000000.0,0.0,0.0,0.0,0.0,0.0,0.0
341043,Harry Lewis,Southampton FC,1997-12-20,Goalkeeper,Goalkeeper,right,191.0,,350000.0,0.0,0.0,0.0,0.0,0.0,0.0
341051,Kyle Walker-Peters,West Ham United,1997-04-13,Defender,Right-Back,right,173.0,2.0,12000000.0,20.0,1.0,0.0,1180.0,2.0,0.0
341092,Federico Chiesa,Liverpool FC,1997-10-25,Attack,Right Winger,right,175.0,51.0,13000000.0,23.0,1.0,1.0,289.0,3.0,0.0
341501,Hamza Choudhury,Leicester City,1997-10-01,Midfield,Defensive Midfield,right,178.0,10.0,4000000.0,0.0,0.0,0.0,0.0,0.0,0.0
341993,Elliott Moore,Leicester City,1997-03-16,Defender,Centre-Back,right,196.0,,500000.0,0.0,0.0,0.0,0.0,0.0,0.0
342046,Axel Tuanzebe,Burnley FC,1997-11-14,Defender,Centre-Back,right,188.0,17.0,5000000.0,14.0,1.0,0.0,1202.0,1.0,0.0
342050,Nathan Baxter,Chelsea FC,1998-11-08,Goalkeeper,Goalkeeper,right,189.0,,400000.0,0.0,0.0,0.0,0.0,0.0,0.0
342385,Guido Rodríguez,West Ham United,1994-04-12,Midfield,Defensive Midfield,right,185.0,30.0,4000000.0,5.0,0.0,0.0,106.0,1.0,0.0
344004,Cameron Coxe,Cardiff City,1998-12-18,Defender,Right-Back,right,185.0,,,0.0,0.0,0.0,0.0,0.0,0.0
344015,Ben Woodburn,Liverpool FC,1999-10-15,Midfield,Attacking Midfield,right,174.0,,1000000.0,0.0,0.0,0.0,0.0,0.0,0.0
344069,Anton Stach,Leeds United,1998-11-15,Midfield,Defensive Midfield,right,194.0,3.0,28000000.0,25.0,5.0,3.0,2018.0,2.0,0.0
344605,Boubakary Soumaré,Leicester City,1999-02-27,Midfield,Defensive Midfield,right,188.0,14.0,14000000.0,0.0,0.0,0.0,0.0,0.0,0.0
344830,Tahith Chong,Sheffield United,1999-12-04,Midfield,Attacking Midfield,left,185.0,9.0,6000000.0,0.0,0.0,0.0,0.0,0.0,0.0
344916,Rory Watson,Hull City,1996-02-05,Goalkeeper,Goalkeeper,,190.0,,50000.0,0.0,0.0,0.0,0.0,0.0,0.0
345899,Dion Henry,Crystal Palace,1997-09-12,Goalkeeper,Goalkeeper,,192.0,,50000.0,0.0,0.0,0.0,0.0,0.0,0.0
345960,Alex Pike,West Ham United,1997-02-08,Defender,Right-Back,right,180.0,,,0.0,0.0,0.0,0.0,0.0,0.0
345961,Djair Parfitt-Williams,West Ham United,1996-10-01,Attack,Left Winger,right,172.0,,200000.0,0.0,0.0,0.0,0.0,0.0,0.0
346314,Trevoh Chalobah,Chelsea FC,1999-07-05,Defender,Centre-Back,right,192.0,1.0,40000000.0,30.0,2.0,0.0,2443.0,3.0,0.0
346468,Jordan Williams,Huddersfield Town,1999-10-22,Defender,Right-Back,right,179.0,,1000000.0,0.0,0.0,0.0,0.0,0.0,0.0
346478,Japhet Tanganga,Tottenham Hotspur,1999-03-31,Defender,Centre-Back,right,184.0,,1800000.0,0.0,0.0,0.0,0.0,0.0,0.0
346483,Mason Mount,Manchester United,1999-01-10,Midfield,Attacking Midfield,right,181.0,36.0,25000000.0,20.0,3.0,0.0,838.0,2.0,0.0
346707,Sean Longstaff,Leeds United,1997-10-30,Midfield,Central Midfield,right,187.0,,15000000.0,19.0,2.0,2.0,793.0,2.0,0.0
346890,Noah Okafor,Leeds United,2000-05-24,Attack,Left Winger,right,185.0,26.0,25000000.0,26.0,8.0,1.0,1477.0,2.0,0.0
347439,Jack McKay,Cardiff City,1996-11-19,Attack,Centre-Forward,right,190.0,,,0.0,0.0,0.0,0.0,0.0,0.0
348026,Nordi Mukiele,Sunderland AFC,1997-11-01,Defender,Right-Back,right,187.0,1.0,16000000.0,30.0,3.0,4.0,2607.0,5.0,0.0
349066,Alexander Isak,Liverpool FC,1999-09-21,Attack,Centre-Forward,right,190.0,62.0,85000000.0,14.0,3.0,1.0,702.0,0.0,0.0
349503,Conor Chaplin,Ipswich Town,1997-02-16,Attack,Second Striker,left,168.0,,4000000.0,0.0,0.0,0.0,0.0,0.0,0.0
349701,Antonee Robinson,Fulham FC,1997-08-08,Defender,Left-Back,left,183.0,58.0,22000000.0,20.0,1.0,0.0,1441.0,5.0,0.0
351597,Shayne Lavery,Everton FC,1998-12-08,Attack,Centre-Forward,right,180.0,,800000.0,0.0,0.0,0.0,0.0,0.0,0.0
351749,Kalvin Phillips,Manchester City,1995-12-02,Midfield,Defensive Midfield,right,179.0,31.0,2500000.0,0.0,0.0,0.0,0.0,0.0,0.0
351755,Darnell Furlong,West Bromwich Albion,1995-10-31,Defender,Right-Back,right,183.0,,3500000.0,0.0,0.0,0.0,0.0,0.0,0.0
352041,Lucas Perri,Leeds United,1997-12-10,Goalkeeper,Goalkeeper,right,197.0,0.0,10000000.0,13.0,0.0,0.0,1170.0,2.0,0.0
353032,Omar Alderete,Sunderland AFC,1996-12-26,Defender,Centre-Back,left,190.0,40.0,13000000.0,29.0,1.0,0.0,2495.0,6.0,0.0
353129,Nathan Harker,Newcastle United,1998-11-05,Goalkeeper,Goalkeeper,left,193.0,,,0.0,0.0,0.0,0.0,0.0,0.0
353674,Keshi Anderson,Crystal Palace,1995-04-06,Attack,Left Winger,right,175.0,,300000.0,0.0,0.0,0.0,0.0,0.0,0.0
354017,Adnan Kanuric,Nottingham Forest,2000-08-08,Goalkeeper,Goalkeeper,right,194.0,,150000.0,0.0,0.0,0.0,0.0,0.0,0.0
354134,Joe Powell,West Ham United,1998-10-30,Midfield,Attacking Midfield,left,,,500000.0,0.0,0.0,0.0,0.0,0.0,0.0
354362,Rodrigo Bentancur,Tottenham Hotspur,1997-06-25,Midfield,Defensive Midfield,right,187.0,76.0,20000000.0,23.0,1.0,1.0,1693.0,7.0,0.0
355915,Cristian Romero,Tottenham Hotspur,1998-04-27,Defender,Centre-Back,right,185.0,55.0,45000000.0,19.0,4.0,0.0,1513.0,8.0,0.0
356141,Daichi Kamada,Crystal Palace,1996-08-05,Midfield,Attacking Midfield,right,180.0,53.0,10000000.0,26.0,0.0,0.0,1733.0,3.0,0.0
356195,Greg Luer,Hull City,1994-12-06,Attack,Centre-Forward,,180.0,,250000.0,0.0,0.0,0.0,0.0,0.0,0.0
356569,Olufela Olomola,Southampton FC,1997-09-05,Attack,Centre-Forward,right,170.0,,,0.0,0.0,0.0,0.0,0.0,0.0
357119,Ibrahima Konaté,Liverpool FC,1999-05-25,Defender,Centre-Back,right,194.0,29.0,45000000.0,33.0,1.0,0.0,2841.0,6.0,0.0
357147,Diogo Dalot,Manchester United,1999-03-18,Defender,Right-Back,right,184.0,37.0,30000000.0,31.0,1.0,2.0,2433.0,5.0,0.0
357162,Florentino,Burnley FC,1999-08-19,Midfield,Defensive Midfield,right,184.0,12.0,16000000.0,31.0,0.0,2.0,2114.0,6.0,0.0
357397,Kazaiah Sterling,Tottenham Hotspur,1998-11-09,Attack,Centre-Forward,right,175.0,,250000.0,0.0,0.0,0.0,0.0,0.0,0.0
357565,Rodri,Manchester City,1996-06-22,Midfield,Defensive Midfield,right,190.0,68.0,50000000.0,19.0,1.0,0.0,1409.0,3.0,0.0
357656,Jayson Molumby,West Bromwich Albion,1999-08-06,Midfield,Central Midfield,right,176.0,36.0,3500000.0,0.0,0.0,0.0,0.0,0.0,0.0
357658,Mark Travers,Everton FC,1999-05-18,Goalkeeper,Goalkeeper,right,191.0,6.0,3000000.0,0.0,0.0,0.0,0.0,0.0,0.0
357662,Declan Rice,Arsenal FC,1999-01-14,Midfield,Central Midfield,right,188.0,77.0,120000000.0,32.0,4.0,5.0,2814.0,3.0,0.0
357958,Josh Robson,Sunderland AFC,1998-02-03,Defender,Right-Back,right,180.0,,100000.0,0.0,0.0,0.0,0.0,0.0,0.0
357967,Lasse Sörensen,Stoke City,1999-10-21,Midfield,Central Midfield,right,185.0,,500000.0,0.0,0.0,0.0,0.0,0.0,0.0
359693,James Tilley,Brighton & Hove Albion,1998-06-13,Attack,Right Winger,left,174.0,,250000.0,0.0,0.0,0.0,0.0,0.0,0.0
361093,Sven Botman,Newcastle United,2000-01-12,Defender,Centre-Back,left,193.0,0.0,35000000.0,23.0,1.0,1.0,1769.0,2.0,0.0
362108,Gabriel Gudmundsson,Leeds United,1999-04-29,Defender,Left-Back,left,181.0,28.0,20000000.0,28.0,0.0,0.0,2289.0,3.0,0.0
362809,Brandon Comley,Queens Park Rangers,1995-11-18,Midfield,Central Midfield,right,180.0,,200000.0,0.0,0.0,0.0,0.0,0.0,0.0
363205,Gabriel Jesus,Arsenal FC,1997-04-03,Attack,Centre-Forward,right,175.0,64.0,17000000.0,14.0,3.0,0.0,421.0,3.0,0.0
363901,Nik Tzanev,Huddersfield Town,1996-12-23,Goalkeeper,Goalkeeper,right,195.0,2.0,100000.0,0.0,0.0,0.0,0.0,0.0,0.0
364828,Elliot Embleton,Sunderland AFC,1999-04-02,Midfield,Attacking Midfield,right,173.0,,1200000.0,0.0,0.0,0.0,0.0,0.0,0.0
365108,Dan Ndoye,Nottingham Forest,2000-10-25,Attack,Right Winger,right,184.0,36.0,32000000.0,20.0,0.0,0.0,878.0,1.0,0.0
365172,Patson Daka,Leicester City,1998-10-09,Attack,Centre-Forward,right,183.0,46.0,15000000.0,0.0,0.0,0.0,0.0,0.0,0.0
369085,Aaron Mitchell,Queens Park Rangers,1996-04-14,Midfield,Central Midfield,,,,,0.0,0.0,0.0,0.0,0.0,0.0
369171,Niall Ennis,Wolverhampton Wanderers,1999-05-20,Attack,Centre-Forward,right,178.0,,450000.0,0.0,0.0,0.0,0.0,0.0,0.0
369316,Ferdi Kadıoğlu,Brighton & Hove Albion,1999-10-07,Defender,Left-Back,right,174.0,32.0,35000000.0,34.0,1.0,0.0,3024.0,4.0,0.0
369962,Joël Piroe,Leeds United,1999-08-02,Attack,Centre-Forward,left,185.0,1.0,10000000.0,14.0,0.0,0.0,110.0,0.0,0.0
371013,Ivor Pandur,Hull City,2000-03-25,Goalkeeper,Goalkeeper,right,187.0,0.0,4500000.0,0.0,0.0,0.0,0.0,0.0,0.0
371814,Nathaniel Phillips,Liverpool FC,1997-03-21,Defender,Centre-Back,right,190.0,,3500000.0,0.0,0.0,0.0,0.0,0.0,0.0
371851,Jaka Bijol,Leeds United,1999-02-05,Defender,Centre-Back,right,190.0,73.0,20000000.0,25.0,1.0,2.0,1893.0,4.0,0.0
372670,Paulinho,Liverpool FC,1997-12-25,Midfield,Central Midfield,right,176.0,,200000.0,0.0,0.0,0.0,0.0,0.0,0.0
375885,Ibrahim Sangaré,Nottingham Forest,1997-12-02,Midfield,Defensive Midfield,right,191.0,58.0,20000000.0,24.0,2.0,2.0,1740.0,5.0,0.0
376856,Charlie Goode,Brentford FC,1995-08-03,Defender,Centre-Back,right,196.0,,500000.0,0.0,0.0,0.0,0.0,0.0,0.0
378629,Michael Phillips,Crystal Palace,1997-09-22,Midfield,Defensive Midfield,right,174.0,,,0.0,0.0,0.0,0.0,0.0,0.0
378710,Richarlison,Tottenham Hotspur,1997-05-10,Attack,Centre-Forward,right,184.0,54.0,25000000.0,28.0,9.0,3.0,1702.0,3.0,0.0
380350,Igor Julio,West Ham United,1998-02-07,Defender,Centre-Back,left,188.0,,10000000.0,4.0,0.0,0.0,103.0,0.0,0.0
380744,Egil Selvik,Watford FC,1997-07-30,Goalkeeper,Goalkeeper,left,193.0,7.0,1500000.0,0.0,0.0,0.0,0.0,0.0,0.0
381156,Joel Mumbongo,Burnley FC,1999-01-09,Attack,Centre-Forward,right,188.0,,150000.0,0.0,0.0,0.0,0.0,0.0,0.0
381362,Wesley Moraes,Aston Villa,1996-11-24,Attack,Centre-Forward,right,191.0,,2500000.0,0.0,0.0,0.0,0.0,0.0,0.0
381753,Ilia Gruev,Leeds United,2000-05-06,Midfield,Defensive Midfield,left,185.0,27.0,12000000.0,20.0,0.0,3.0,1132.0,3.0,0.0
381963,Mike Tresor,Burnley FC,1999-05-28,Midfield,Attacking Midfield,right,172.0,2.0,2000000.0,6.0,0.0,0.0,37.0,0.0,0.0
382552,Mace Goodridge,Burnley FC,1999-09-13,Midfield,Central Midfield,right,180.0,,200000.0,0.0,0.0,0.0,0.0,0.0,0.0
382554,Tyrese Campbell,Stoke City,1999-12-28,Attack,Centre-Forward,left,185.0,,2500000.0,0.0,0.0,0.0,0.0,0.0,0.0
382555,Joe Hardy,Liverpool FC,1998-09-26,Attack,Centre-Forward,right,170.0,,75000.0,0.0,0.0,0.0,0.0,0.0,0.0
383109,Przemyslaw Placheta,Norwich City,1998-03-23,Attack,Left Winger,left,178.0,,1500000.0,0.0,0.0,0.0,0.0,0.0,0.0
383152,André Olukanmi,Leicester City,1997-12-01,Attack,Left Winger,,,,,0.0,0.0,0.0,0.0,0.0,0.0
385848,George Edmundson,Ipswich Town,1997-08-15,Defender,Centre-Back,right,190.0,,750000.0,0.0,0.0,0.0,0.0,0.0,0.0
385920,Brad Jackson,Burnley FC,1996-10-20,Defender,Right-Back,right,175.0,,,0.0,0.0,0.0,0.0,0.0,0.0
385922,Ntumba Massanka,Burnley FC,1996-11-30,Attack,Centre-Forward,,191.0,,,0.0,0.0,0.0,0.0,0.0,0.0
386047,Axel Disasi,West Ham United,1998-03-11,Defender,Centre-Back,right,191.0,5.0,15000000.0,14.0,0.0,0.0,1255.0,1.0,0.0
386148,Joe Quigley,AFC Bournemouth,1996-12-10,Attack,Centre-Forward,,191.0,,100000.0,0.0,0.0,0.0,0.0,0.0,0.0
386201,Archie Davies,Brighton & Hove Albion,1998-10-07,Defender,Right-Back,right,183.0,,100000.0,0.0,0.0,0.0,0.0,0.0,0.0
387036,Joe Riley,Manchester United,1996-12-06,Midfield,Defensive Midfield,right,176.0,,125000.0,0.0,0.0,0.0,0.0,0.0,0.0
387331,Sam Field,West Bromwich Albion,1998-05-08,Midfield,Defensive Midfield,left,191.0,,3500000.0,0.0,0.0,0.0,0.0,0.0,0.0
388165,Yoane Wissa,Newcastle United,1996-09-03,Attack,Centre-Forward,right,176.0,42.0,25000000.0,19.0,1.0,1.0,521.0,3.0,0.0
391005,Mads Roerslev,Brentford FC,1999-06-24,Defender,Right-Back,right,184.0,1.0,4000000.0,0.0,0.0,0.0,0.0,0.0,0.0
391470,Marcus Browne,West Ham United,1997-12-18,Midfield,Attacking Midfield,right,178.0,,300000.0,0.0,0.0,0.0,0.0,0.0,0.0
392179,Hjalmar Ekdal,Burnley FC,1998-10-21,Defender,Centre-Back,right,187.0,13.0,5000000.0,16.0,0.0,0.0,1277.0,0.0,0.0
392591,Chiedozie Ogbene,Ipswich Town,1997-05-01,Attack,Right Winger,right,181.0,35.0,4000000.0,0.0,0.0,0.0,0.0,0.0,0.0
392757,Marc Guéhi,Manchester City,2000-07-13,Defender,Centre-Back,right,182.0,34.0,70000000.0,31.0,2.0,4.0,2790.0,6.0,0.0
392765,Emile Smith Rowe,Fulham FC,2000-07-28,Midfield,Attacking Midfield,right,182.0,3.0,20000000.0,33.0,2.0,0.0,1843.0,1.0,0.0
392766,George McEachran,Chelsea FC,2000-08-30,Midfield,Central Midfield,left,172.0,,200000.0,0.0,0.0,0.0,0.0,0.0,0.0
392768,Callum Hudson-Odoi,Nottingham Forest,2000-11-07,Attack,Left Winger,right,178.0,3.0,30000000.0,26.0,2.0,4.0,1537.0,0.0,0.0
392771,Ethan Ampadu,Leeds United,2000-09-14,Midfield,Defensive Midfield,right,182.0,63.0,30000000.0,33.0,1.0,1.0,2955.0,10.0,0.0
392772,Marcel Lavinier,Tottenham Hotspur,2000-12-16,Defender,Right-Back,right,185.0,,300000.0,0.0,0.0,0.0,0.0,0.0,0.0
392774,Kane Wilson,West Bromwich Albion,2000-03-11,Defender,Right-Back,right,178.0,,300000.0,0.0,0.0,0.0,0.0,0.0,0.0
392775,Ryan Sessegnon,Fulham FC,2000-05-18,Defender,Left-Back,left,178.0,20.0,22000000.0,24.0,3.0,3.0,1603.0,0.0,0.0
393323,Brenden Aaronson,Leeds United,2000-10-22,Midfield,Attacking Midfield,right,177.0,59.0,22000000.0,33.0,4.0,5.0,2316.0,3.0,0.0
394327,Boubacar Kamara,Aston Villa,1999-11-23,Midfield,Defensive Midfield,right,184.0,5.0,40000000.0,16.0,1.0,3.0,1312.0,4.0,0.0
395239,Claudio Gomes,Manchester City,2000-07-23,Midfield,Defensive Midfield,right,180.0,,1400000.0,0.0,0.0,0.0,0.0,0.0,0.0
395797,Sam Hughes,Leicester City,1997-04-15,Defender,Centre-Back,right,,,350000.0,0.0,0.0,0.0,0.0,0.0,0.0
396165,Callum Whelan,Watford FC,1998-09-24,Midfield,Defensive Midfield,right,175.0,,,0.0,0.0,0.0,0.0,0.0,0.0
396174,Jimmy Dunne,Queens Park Rangers,1997-10-19,Defender,Right-Back,right,191.0,3.0,5000000.0,0.0,0.0,0.0,0.0,0.0,0.0
396284,Zak Dearnley,Manchester United,1998-09-28,Attack,Centre-Forward,right,180.0,,,0.0,0.0,0.0,0.0,0.0,0.0
396857,Dan Kemp,West Ham United,1999-01-11,Attack,Right Winger,left,168.0,,250000.0,0.0,0.0,0.0,0.0,0.0,0.0
396859,Jamie Cumming,Chelsea FC,1999-09-04,Goalkeeper,Goalkeeper,right,185.0,,1000000.0,0.0,0.0,0.0,0.0,0.0,0.0
396861,Richard Nartey,Burnley FC,1998-09-06,Defender,Centre-Back,right,185.0,,150000.0,0.0,0.0,0.0,0.0,0.0,0.0
397033,Sandro Tonali,Newcastle United,2000-05-08,Midfield,Defensive Midfield,right,181.0,32.0,80000000.0,31.0,0.0,2.0,2209.0,4.0,0.0
397102,Josh Benson,Burnley FC,1999-12-05,Midfield,Central Midfield,right,175.0,,350000.0,0.0,0.0,0.0,0.0,0.0,0.0
398065,Harvey Barnes,Newcastle United,1997-12-09,Attack,Left Winger,right,182.0,2.0,32000000.0,33.0,7.0,1.0,1694.0,1.0,0.0
398398,Callum Buckley,AFC Bournemouth,1996-01-12,Defender,Left-Back,left,175.0,,,0.0,0.0,0.0,0.0,0.0,0.0
399373,Morgan Feeney,Everton FC,1999-02-08,Defender,Centre-Back,right,190.0,,175000.0,0.0,0.0,0.0,0.0,0.0,0.0
399434,Marcus Tavernier,AFC Bournemouth,1999-03-22,Midfield,Attacking Midfield,left,178.0,15.0,25000000.0,30.0,6.0,4.0,2408.0,6.0,0.0
399776,Pau Torres,Aston Villa,1997-01-16,Defender,Centre-Back,left,192.0,24.0,20000000.0,19.0,0.0,0.0,1570.0,1.0,0.0
400536,Mads Hermansen,West Ham United,2000-07-11,Goalkeeper,Goalkeeper,right,187.0,3.0,15000000.0,14.0,0.0,1.0,1260.0,0.0,0.0
401173,Jadon Sancho,Aston Villa,2000-03-25,Attack,Left Winger,right,180.0,23.0,18000000.0,23.0,0.0,2.0,873.0,0.0,0.0
401320,Dara O'Shea,Ipswich Town,1999-03-04,Defender,Centre-Back,right,189.0,45.0,16000000.0,0.0,0.0,0.0,0.0,0.0,0.0
401356,Edson Álvarez,West Ham United,1997-10-24,Midfield,Defensive Midfield,right,190.0,103.0,15000000.0,0.0,0.0,0.0,0.0,0.0,0.0
401604,Michal Karbownik,Brighton & Hove Albion,2001-03-13,Defender,Left-Back,right,175.0,,4000000.0,0.0,0.0,0.0,0.0,0.0,0.0
403151,Robert Sánchez,Chelsea FC,1997-11-18,Goalkeeper,Goalkeeper,right,197.0,3.0,22000000.0,31.0,0.0,1.0,2681.0,3.0,0.0
403898,Jordan Beyer,Burnley FC,2000-05-19,Defender,Centre-Back,right,187.0,7.0,1500000.0,0.0,0.0,0.0,0.0,0.0,0.0
404386,Robbie Burton,Arsenal FC,1999-12-26,Midfield,Central Midfield,right,175.0,,300000.0,0.0,0.0,0.0,0.0,0.0,0.0
404584,Marcus Forss,Brentford FC,1999-06-18,Attack,Centre-Forward,right,182.0,,3500000.0,0.0,0.0,0.0,0.0,0.0,0.0
404586,Tyreke Johnson,Southampton FC,1998-11-03,Midfield,Left Midfield,right,173.0,,,0.0,0.0,0.0,0.0,0.0,0.0
404842,Vitaliy Mykolenko,Everton FC,1999-05-29,Defender,Left-Back,left,180.0,54.0,25000000.0,32.0,0.0,1.0,2871.0,6.0,0.0
406556,Tom McGill,Brighton & Hove Albion,2000-03-25,Goalkeeper,Goalkeeper,right,185.0,0.0,500000.0,0.0,0.0,0.0,0.0,0.0,0.0
406558,Steven Sessegnon,Fulham FC,2000-05-18,Defender,Right-Back,right,175.0,,800000.0,0.0,0.0,0.0,0.0,0.0,0.0
406559,Timothy Eyoma,Tottenham Hotspur,2000-01-29,Defender,Right-Back,right,183.0,,500000.0,0.0,0.0,0.0,0.0,0.0,0.0
406560,Rhian Brewster,Sheffield United,2000-04-01,Attack,Centre-Forward,right,180.0,,3000000.0,0.0,0.0,0.0,0.0,0.0,0.0
406633,Nya Kirby,Crystal Palace,2000-01-31,Midfield,Central Midfield,right,174.0,,300000.0,0.0,0.0,0.0,0.0,0.0,0.0
406635,Phil Foden,Manchester City,2000-05-28,Midfield,Attacking Midfield,left,171.0,49.0,70000000.0,32.0,7.0,5.0,2070.0,4.0,0.0
406636,Jamie Soule,West Bromwich Albion,2000-11-26,Attack,Centre-Forward,right,183.0,,,0.0,0.0,0.0,0.0,0.0,0.0
406638,Oliver Skipp,Leicester City,2000-09-16,Midfield,Defensive Midfield,right,175.0,24.0,7000000.0,0.0,0.0,0.0,0.0,0.0,0.0
407021,Mads Andersen,Luton Town,1997-12-27,Defender,Centre-Back,right,194.0,,3000000.0,0.0,0.0,0.0,0.0,0.0,0.0
407487,Lloyd Humphries,Cardiff City,1997-10-03,Midfield,Central Midfield,,,,,0.0,0.0,0.0,0.0,0.0,0.0
408872,Paul Smyth,Queens Park Rangers,1997-09-10,Attack,Right Winger,right,175.0,25.0,800000.0,0.0,0.0,0.0,0.0,0.0,0.0
410225,Ismaïla Sarr,Crystal Palace,1998-02-25,Attack,Right Winger,right,185.0,87.0,40000000.0,25.0,7.0,1.0,1907.0,1.0,0.0
410425,Yves Bissouma,Tottenham Hotspur,1996-08-30,Midfield,Defensive Midfield,right,182.0,46.0,10000000.0,11.0,0.0,0.0,605.0,4.0,0.0
410708,Pascal Struijk,Leeds United,1999-08-11,Defender,Centre-Back,left,190.0,3.0,22000000.0,30.0,0.0,1.0,2577.0,5.0,0.0
411495,Max Sanders,Brighton & Hove Albion,1999-01-04,Midfield,Central Midfield,right,175.0,,275000.0,0.0,0.0,0.0,0.0,0.0,0.0
411537,Zian Flemming,Burnley FC,1998-08-01,Attack,Centre-Forward,right,185.0,,12000000.0,27.0,11.0,0.0,1756.0,5.0,0.0
412596,Adam Parkes,Watford FC,1999-11-30,Goalkeeper,Goalkeeper,right,185.0,,150000.0,0.0,0.0,0.0,0.0,0.0,0.0
412616,Giorgi Chakvetadze,Watford FC,1999-08-29,Midfield,Attacking Midfield,right,183.0,39.0,3500000.0,0.0,0.0,0.0,0.0,0.0,0.0
413032,Ibrahima Diallo,Southampton FC,1999-03-08,Midfield,Defensive Midfield,right,179.0,,6500000.0,0.0,0.0,0.0,0.0,0.0,0.0
413039,Bryan Mbeumo,Manchester United,1999-08-07,Attack,Right Winger,left,171.0,32.0,75000000.0,30.0,10.0,3.0,2355.0,4.0,0.0
413220,James Justin,Leeds United,1998-02-23,Defender,Right-Back,both,183.0,1.0,12000000.0,28.0,2.0,1.0,1886.0,4.0,0.0
413403,Ezri Konsa,Aston Villa,1997-10-23,Defender,Centre-Back,right,180.0,25.0,40000000.0,31.0,0.0,0.0,2790.0,0.0,0.0
413507,Nikola Milenković,Nottingham Forest,1997-10-12,Defender,Centre-Back,right,195.0,72.0,28000000.0,34.0,0.0,0.0,3015.0,6.0,0.0
415381,Mats Wieffer,Brighton & Hove Albion,1999-11-16,Defender,Right-Back,right,189.0,15.0,25000000.0,24.0,2.0,3.0,1733.0,7.0,0.0
415912,Konstantinos Mavropanos,West Ham United,1997-12-11,Defender,Centre-Back,right,194.0,42.0,18000000.0,29.0,3.0,0.0,2352.0,2.0,0.0
415970,Joe Worrall,Burnley FC,1997-01-10,Defender,Centre-Back,right,190.0,3.0,2000000.0,9.0,0.0,0.0,483.0,0.0,0.0
416621,Jordan Lee,AFC Bournemouth,1996-12-31,Defender,Right-Back,right,178.0,,,0.0,0.0,0.0,0.0,0.0,0.0
416622,Jordan Green,AFC Bournemouth,1995-02-22,Attack,Right Winger,right,168.0,,125000.0,0.0,0.0,0.0,0.0,0.0,0.0
417346,Jack Harrison,Leeds United,1996-11-20,Attack,Left Winger,left,175.0,2.0,6500000.0,8.0,0.0,0.0,199.0,0.0,0.0
418560,Erling Haaland,Manchester City,2000-07-21,Attack,Centre-Forward,left,195.0,54.0,200000000.0,32.0,24.0,8.0,2706.0,2.0,0.0
419325,Lewis Gibson,Everton FC,2000-07-19,Defender,Centre-Back,left,185.0,,900000.0,0.0,0.0,0.0,0.0,0.0,0.0
420002,Jean-Philippe Mateta,Crystal Palace,1997-06-28,Attack,Centre-Forward,right,192.0,7.0,30000000.0,28.0,11.0,0.0,1870.0,0.0,0.0
420243,Jurriën Timber,Arsenal FC,2001-06-17,Defender,Right-Back,right,179.0,23.0,70000000.0,26.0,1.0,5.0,2194.0,4.0,0.0
420808,George Hirst,Ipswich Town,1999-02-15,Attack,Centre-Forward,right,191.0,10.0,10000000.0,0.0,0.0,0.0,0.0,0.0,0.0
421637,Frank Onyeka,Brentford FC,1998-01-01,Midfield,Central Midfield,right,183.0,45.0,8000000.0,3.0,0.0,0.0,27.0,0.0,0.0
423440,Martín Zubimendi,Arsenal FC,1999-02-02,Midfield,Defensive Midfield,right,181.0,26.0,75000000.0,34.0,3.0,1.0,2642.0,3.0,0.0
423571,Alfie Lewis,West Ham United,1999-09-28,Midfield,Central Midfield,right,169.0,,100000.0,0.0,0.0,0.0,0.0,0.0,0.0
424015,Nathan Patterson,Everton FC,2001-10-16,Defender,Right-Back,right,183.0,29.0,10000000.0,7.0,0.0,0.0,240.0,0.0,0.0
424051,Samuel Kalu,Watford FC,1997-08-26,Attack,Right Winger,right,177.0,,2500000.0,0.0,0.0,0.0,0.0,0.0,0.0
424901,Joe Tupper,Crystal Palace,1997-11-15,Goalkeeper,Goalkeeper,right,184.0,,,0.0,0.0,0.0,0.0,0.0,0.0
425026,Josh Knight,Leicester City,1997-09-07,Defender,Centre-Back,right,185.0,,1000000.0,0.0,0.0,0.0,0.0,0.0,0.0
425334,Matty Cash,Aston Villa,1997-08-07,Defender,Right-Back,right,185.0,25.0,22000000.0,31.0,3.0,3.0,2678.0,7.0,0.0
425713,Akin Famewo,Norwich City,1998-11-09,Defender,Centre-Back,left,188.0,,300000.0,0.0,0.0,0.0,0.0,0.0,0.0
425894,Cameron John,Wolverhampton Wanderers,1999-08-24,Defender,Centre-Back,left,181.0,,150000.0,0.0,0.0,0.0,0.0,0.0,0.0
425902,Ryan Yates,Nottingham Forest,1997-11-21,Midfield,Central Midfield,right,190.0,,7000000.0,19.0,0.0,2.0,578.0,3.0,0.0
425918,Jakub Kiwior,Arsenal FC,2000-02-15,Defender,Centre-Back,left,189.0,45.0,35000000.0,0.0,0.0,0.0,0.0,0.0,0.0
426192,Ben Brereton Díaz,Southampton FC,1999-04-18,Attack,Centre-Forward,right,185.0,42.0,5000000.0,0.0,0.0,0.0,0.0,0.0,0.0
427568,Aaron Ramsdale,Newcastle United,1998-05-14,Goalkeeper,Goalkeeper,right,190.0,5.0,12000000.0,12.0,0.0,0.0,1003.0,2.0,0.0
427927,Jordan Davies,Brighton & Hove Albion,1998-08-18,Midfield,Central Midfield,left,,,,0.0,0.0,0.0,0.0,0.0,0.0
428016,Brandon Austin,Tottenham Hotspur,1999-01-08,Goalkeeper,Goalkeeper,right,188.0,0.0,500000.0,0.0,0.0,0.0,0.0,0.0,0.0
428061,Riley McGree,Middlesbrough FC,1998-11-02,Midfield,Central Midfield,left,178.0,35.0,3500000.0,0.0,0.0,0.0,0.0,0.0,0.0
429014,Morgan Gibbs-White,Nottingham Forest,2000-01-27,Midfield,Attacking Midfield,right,171.0,6.0,70000000.0,33.0,15.0,3.0,2784.0,1.0,0.0
429915,Maxim De Cuyper,Brighton & Hove Albion,2000-12-22,Defender,Left-Back,left,182.0,25.0,22000000.0,26.0,2.0,3.0,1143.0,1.0,0.0
429983,Jørgen Strand Larsen,Wolverhampton Wanderers,2000-02-06,Attack,Centre-Forward,right,193.0,29.0,40000000.0,34.0,4.0,1.0,2155.0,4.0,0.0
430310,Andrew Irving,West Ham United,2000-05-13,Midfield,Central Midfield,left,190.0,1.0,4500000.0,4.0,0.0,0.0,133.0,0.0,0.0
430788,Tom Edwards,Stoke City,1999-01-22,Defender,Right-Back,right,176.0,,1200000.0,0.0,0.0,0.0,0.0,0.0,0.0
431424,George Marsh,Tottenham Hotspur,1998-11-05,Midfield,Defensive Midfield,right,177.0,,250000.0,0.0,0.0,0.0,0.0,0.0,0.0
431755,Dejan Kulusevski,Tottenham Hotspur,2000-04-25,Midfield,Attacking Midfield,left,186.0,45.0,17000000.0,0.0,0.0,0.0,0.0,0.0,0.0
432164,Igor Jesus,Nottingham Forest,2001-02-25,Attack,Centre-Forward,right,179.0,5.0,25000000.0,34.0,6.0,4.0,2285.0,2.0,0.0
432293,Luke Dreher,Crystal Palace,1998-11-27,Midfield,Central Midfield,right,184.0,,,0.0,0.0,0.0,0.0,0.0,0.0
432914,John Victor,Nottingham Forest,1996-02-13,Goalkeeper,Goalkeeper,right,197.0,0.0,5000000.0,5.0,0.0,0.0,438.0,1.0,0.0
433177,Bukayo Saka,Arsenal FC,2001-09-05,Attack,Right Winger,left,178.0,54.0,110000000.0,29.0,6.0,7.0,2083.0,2.0,0.0
433180,Elijah Dixon-Bonner,Liverpool FC,2001-01-01,Midfield,Central Midfield,right,,,200000.0,0.0,0.0,0.0,0.0,0.0,0.0
433182,Luis Longstaff,Liverpool FC,2001-02-24,Attack,Right Winger,left,167.0,,150000.0,0.0,0.0,0.0,0.0,0.0,0.0
433183,Tommy Doyle,Wolverhampton Wanderers,2001-10-17,Midfield,Central Midfield,right,172.0,13.0,7000000.0,0.0,0.0,0.0,0.0,0.0,0.0
433184,Rayhaan Tulloch,West Bromwich Albion,2001-01-20,Attack,Second Striker,right,178.0,,200000.0,0.0,0.0,0.0,0.0,0.0,0.0
433186,Bali Mumba,Norwich City,2001-10-08,Defender,Right-Back,right,168.0,,1500000.0,0.0,0.0,0.0,0.0,0.0,0.0
433188,Curtis Jones,Liverpool FC,2001-01-30,Midfield,Central Midfield,right,185.0,6.0,35000000.0,31.0,1.0,2.0,1793.0,2.0,0.0
433818,Scott Twine,Burnley FC,1999-07-14,Midfield,Attacking Midfield,right,174.0,,3000000.0,0.0,0.0,0.0,0.0,0.0,0.0
433991,Ethan Galbraith,Swansea City,2001-05-11,Midfield,Central Midfield,right,175.0,16.0,2500000.0,0.0,0.0,0.0,0.0,0.0,0.0
434015,Terry Ablade,Fulham FC,2001-10-12,Attack,Centre-Forward,,,,200000.0,0.0,0.0,0.0,0.0,0.0,0.0
434207,Aaron Connolly,Brighton & Hove Albion,2000-01-28,Attack,Centre-Forward,right,174.0,,3500000.0,0.0,0.0,0.0,0.0,0.0,0.0
434224,Maxence Lacroix,Crystal Palace,2000-04-06,Defender,Centre-Back,right,190.0,5.0,50000000.0,31.0,1.0,1.0,2727.0,3.0,0.0
434675,Cody Gakpo,Liverpool FC,1999-05-07,Attack,Left Winger,right,193.0,54.0,60000000.0,33.0,6.0,3.0,2479.0,3.0,0.0
435062,Callum Styles,West Bromwich Albion,2000-03-27,Defender,Left-Back,left,167.0,31.0,3000000.0,0.0,0.0,0.0,0.0,0.0,0.0
435338,Gabriel,Arsenal FC,1997-12-19,Defender,Centre-Back,left,190.0,22.0,75000000.0,28.0,3.0,4.0,2391.0,4.0,0.0
435648,Joshua Zirkzee,Manchester United,2001-05-22,Attack,Centre-Forward,right,193.0,6.0,20000000.0,23.0,2.0,1.0,550.0,3.0,0.0
435765,Corey Jordan,AFC Bournemouth,1999-03-04,Defender,Centre-Back,right,188.0,,,0.0,0.0,0.0,0.0,0.0,0.0
438001,Santiago Bueno,Wolverhampton Wanderers,1998-11-09,Defender,Centre-Back,right,191.0,8.0,10000000.0,27.0,3.0,2.0,2429.0,4.0,0.0
442248,Ethan Pinnock,Brentford FC,1993-05-29,Defender,Centre-Back,left,194.0,28.0,3000000.0,3.0,0.0,0.0,238.0,0.0,0.0
444208,Michael Obafemi,Burnley FC,2000-07-06,Attack,Centre-Forward,right,170.0,12.0,600000.0,0.0,0.0,0.0,0.0,0.0,0.0
444523,Lucas Paquetá,West Ham United,1997-08-27,Midfield,Attacking Midfield,left,183.0,67.0,32000000.0,14.0,2.0,1.0,1184.0,5.0,0.0
444641,Louie Moulden,Wolverhampton Wanderers,2002-01-06,Goalkeeper,Goalkeeper,right,190.0,,175000.0,0.0,0.0,0.0,0.0,0.0,0.0
445939,Omar Marmoush,Manchester City,1999-02-07,Attack,Centre-Forward,right,183.0,55.0,50000000.0,18.0,3.0,2.0,549.0,3.0,0.0
447661,Douglas Luiz,Nottingham Forest,1998-05-09,Midfield,Central Midfield,right,177.0,18.0,18000000.0,21.0,1.0,0.0,922.0,3.0,0.0
447995,Ross Stewart,Southampton FC,1996-07-11,Attack,Centre-Forward,right,188.0,2.0,2800000.0,0.0,0.0,0.0,0.0,0.0,0.0
450050,Jean-Ricner Bellegarde,Wolverhampton Wanderers,1998-06-27,Midfield,Central Midfield,right,170.0,13.0,16000000.0,22.0,1.0,1.0,1082.0,5.0,0.0
451276,Dominik Szoboszlai,Liverpool FC,2000-10-25,Midfield,Attacking Midfield,right,187.0,65.0,100000000.0,33.0,5.0,7.0,2963.0,8.0,0.0
453306,Josh Clackstone,Hull City,1996-09-18,Defender,Right-Back,right,,,,0.0,0.0,0.0,0.0,0.0,0.0
454576,Róbert Boženík,Stoke City,1999-11-18,Attack,Centre-Forward,right,188.0,57.0,2500000.0,0.0,0.0,0.0,0.0,0.0,0.0
455661,Nick Woltemade,Newcastle United,2002-02-14,Attack,Centre-Forward,right,198.0,12.0,55000000.0,32.0,7.0,3.0,1849.0,0.0,0.0
456111,Will Mannion,Hull City,1998-05-05,Goalkeeper,Goalkeeper,right,191.0,,150000.0,0.0,0.0,0.0,0.0,0.0,0.0
456292,Ellery Balcombe,Brentford FC,1999-10-15,Goalkeeper,Goalkeeper,right,190.0,0.0,400000.0,0.0,0.0,0.0,0.0,0.0,0.0
456877,Rekeem Harper,West Bromwich Albion,2000-03-08,Midfield,Central Midfield,right,183.0,,400000.0,0.0,0.0,0.0,0.0,0.0,0.0
457129,Ben Hinchliffe,Hull City,1997-09-25,Missing,,,,,,0.0,0.0,0.0,0.0,0.0,0.0
458178,Jack Taylor,Ipswich Town,1998-06-23,Midfield,Central Midfield,right,185.0,11.0,3000000.0,0.0,0.0,0.0,0.0,0.0,0.0
459322,Callum Rowe,Aston Villa,1999-09-02,Missing,,left,180.0,,150000.0,0.0,0.0,0.0,0.0,0.0,0.0
459873,Harvey Rodgers,Hull City,1996-10-20,Defender,Centre-Back,right,189.0,,250000.0,0.0,0.0,0.0,0.0,0.0,0.0
460683,Max Taylor,Manchester United,2000-01-10,Defender,Centre-Back,right,188.0,,100000.0,0.0,0.0,0.0,0.0,0.0,0.0
460939,Tijjani Reijnders,Manchester City,1998-07-29,Midfield,Central Midfield,right,178.0,35.0,50000000.0,25.0,4.0,1.0,1366.0,1.0,0.0
461833,Caleb Okoli,Leicester City,2001-07-13,Defender,Centre-Back,right,191.0,0.0,8000000.0,0.0,0.0,0.0,0.0,0.0,0.0
461882,Khanya Leshabela,Leicester City,1999-09-18,Midfield,Central Midfield,,175.0,,100000.0,0.0,0.0,0.0,0.0,0.0,0.0
461883,Calvin Bassey,Fulham FC,1999-12-31,Defender,Centre-Back,left,185.0,45.0,28000000.0,26.0,1.0,1.0,2172.0,4.0,0.0
462698,Brooklyn Lyons-Foster,Tottenham Hotspur,2000-12-01,Defender,Centre-Back,right,,,,0.0,0.0,0.0,0.0,0.0,0.0
463603,Benoît Badiashile,Chelsea FC,2001-03-26,Defender,Centre-Back,left,194.0,2.0,15000000.0,8.0,0.0,0.0,471.0,2.0,0.0
463605,Bafodé Diakité,AFC Bournemouth,2001-01-06,Defender,Centre-Back,right,184.0,2.0,25000000.0,15.0,0.0,0.0,1005.0,1.0,0.0
463694,Ollie Harfield,AFC Bournemouth,1998-01-09,Defender,Left-Back,left,178.0,,,0.0,0.0,0.0,0.0,0.0,0.0
463695,Keelan O'Connell,AFC Bournemouth,1999-11-30,Midfield,Right Midfield,,,,,0.0,0.0,0.0,0.0,0.0,0.0
463758,Terry Taylor,Wolverhampton Wanderers,2001-06-29,Midfield,Defensive Midfield,right,185.0,,300000.0,0.0,0.0,0.0,0.0,0.0,0.0
464738,Ben Wynter,Crystal Palace,1997-12-11,Defender,Right-Back,right,185.0,,,0.0,0.0,0.0,0.0,0.0,0.0
465294,Allan Tchaptchet,Southampton FC,2001-12-21,Defender,Centre-Back,,193.0,,600000.0,0.0,0.0,0.0,0.0,0.0,0.0
465555,Djordje Petrovic,AFC Bournemouth,1999-10-08,Goalkeeper,Goalkeeper,right,194.0,12.0,28000000.0,34.0,0.0,0.0,3060.0,2.0,0.0
465717,Jayden Bogle,Leeds United,2000-07-27,Defender,Right-Back,right,178.0,3.0,15000000.0,30.0,1.0,4.0,2452.0,5.0,0.0
465950,Alex Denny,Everton FC,2000-04-12,Midfield,Defensive Midfield,,186.0,,50000.0,0.0,0.0,0.0,0.0,0.0,0.0
466805,Nico González,Manchester City,2002-01-03,Midfield,Defensive Midfield,right,188.0,11.0,40000000.0,23.0,1.0,0.0,1402.0,5.0,0.0
467623,Lyle Foster,Burnley FC,2000-09-03,Attack,Centre-Forward,right,185.0,28.0,8000000.0,23.0,2.0,2.0,1122.0,3.0,0.0
468002,Ben Johnson,Ipswich Town,2000-01-24,Defender,Right-Back,right,184.0,10.0,7000000.0,0.0,0.0,0.0,0.0,0.0,0.0
468066,Jens Cajuste,Ipswich Town,1999-08-10,Midfield,Defensive Midfield,right,188.0,25.0,8000000.0,0.0,0.0,0.0,0.0,0.0,0.0
468198,Joe Aribo,Southampton FC,1996-07-21,Midfield,Central Midfield,left,183.0,34.0,1800000.0,0.0,0.0,0.0,0.0,0.0,0.0
469050,Nathan Collins,Brentford FC,2001-04-30,Defender,Centre-Back,right,193.0,40.0,30000000.0,31.0,1.0,2.0,2612.0,6.0,0.0
469064,Gavin Kilkenny,AFC Bournemouth,2000-02-01,Midfield,Central Midfield,right,175.0,,300000.0,0.0,0.0,0.0,0.0,0.0,0.0
469781,Marcos Senesi,AFC Bournemouth,1997-05-10,Defender,Centre-Back,left,184.0,4.0,25000000.0,33.0,0.0,4.0,2930.0,7.0,0.0
469958,Jacob Brown,Luton Town,1998-04-10,Attack,Centre-Forward,right,178.0,,4000000.0,0.0,0.0,0.0,0.0,0.0,0.0
470596,Paris Maghoma,Brentford FC,2001-05-08,Midfield,Central Midfield,right,184.0,1.0,350000.0,0.0,0.0,0.0,0.0,0.0,0.0
470597,Ben Cottrell,Arsenal FC,2001-10-31,Midfield,Central Midfield,left,166.0,,175000.0,0.0,0.0,0.0,0.0,0.0,0.0
470607,Brennan Johnson,Tottenham Hotspur,2001-05-23,Attack,Right Winger,right,186.0,45.0,30000000.0,30.0,0.0,1.0,1501.0,5.0,0.0
472423,Reece James,Chelsea FC,1999-12-08,Defender,Right-Back,right,180.0,26.0,60000000.0,25.0,2.0,5.0,1806.0,3.0,0.0
473050,Kevin Schade,Brentford FC,2001-11-27,Attack,Left Winger,right,185.0,5.0,35000000.0,31.0,7.0,4.0,2454.0,6.0,0.0
473080,Regan Slater,Sheffield United,1999-09-11,Midfield,Defensive Midfield,right,171.0,,3500000.0,0.0,0.0,0.0,0.0,0.0,0.0
473169,Brian Brobbey,Sunderland AFC,2002-02-01,Attack,Centre-Forward,right,181.0,16.0,30000000.0,30.0,7.0,1.0,1913.0,6.0,0.0
474382,Lewis Cass,Newcastle United,2000-02-27,Defender,Centre-Back,right,185.0,,250000.0,0.0,0.0,0.0,0.0,0.0,0.0
474701,Crysencio Summerville,West Ham United,2001-10-30,Attack,Left Winger,right,172.0,6.0,35000000.0,29.0,5.0,2.0,2415.0,6.0,0.0
475188,Kiernan Dewsbury-Hall,Everton FC,1998-09-06,Midfield,Central Midfield,left,176.0,,35000000.0,27.0,7.0,5.0,2278.0,3.0,0.0
475411,Wesley Fofana,Chelsea FC,2000-12-17,Defender,Centre-Back,right,188.0,1.0,28000000.0,23.0,0.0,1.0,1660.0,5.0,0.0
475416,Sorba Thomas,Stoke City,1999-01-25,Attack,Left Winger,right,185.0,27.0,14000000.0,0.0,0.0,0.0,0.0,0.0,0.0
475946,Anthony Patterson,Sunderland AFC,2000-05-10,Goalkeeper,Goalkeeper,right,189.0,1.0,,0.0,0.0,0.0,0.0,0.0,0.0
475959,Josko Gvardiol,Manchester City,2002-01-23,Defender,Centre-Back,left,185.0,52.0,70000000.0,18.0,2.0,2.0,1374.0,2.0,0.0
476367,Bernardo Rosa,West Ham United,2000-09-20,Midfield,Central Midfield,right,177.0,,150000.0,0.0,0.0,0.0,0.0,0.0,0.0
476532,Andrew Eleftheriou,Watford FC,1997-11-08,Defender,Right-Back,right,172.0,,,0.0,0.0,0.0,0.0,0.0,0.0
476701,Manuel Ugarte,Manchester United,2001-04-11,Midfield,Defensive Midfield,right,182.0,38.0,25000000.0,20.0,0.0,0.0,835.0,1.0,0.0
477758,Aaron Wan-Bissaka,West Ham United,1997-11-26,Defender,Right-Back,right,183.0,16.0,15000000.0,23.0,0.0,3.0,1904.0,4.0,0.0
478573,Ryan Gravenberch,Liverpool FC,2002-05-16,Midfield,Defensive Midfield,right,190.0,31.0,80000000.0,34.0,4.0,3.0,2816.0,3.0,0.0
479939,Michael Folivi,Watford FC,1998-02-25,Attack,Centre-Forward,right,180.0,,,0.0,0.0,0.0,0.0,0.0,0.0
479944,Charlie Rowan,Watford FC,1997-12-14,Defender,Centre-Back,right,192.0,,,0.0,0.0,0.0,0.0,0.0,0.0
479945,Carl Stewart,Watford FC,1997-05-02,Midfield,Central Midfield,right,175.0,,50000.0,0.0,0.0,0.0,0.0,0.0,0.0
479999,Eberechi Eze,Arsenal FC,1998-06-29,Midfield,Attacking Midfield,right,178.0,20.0,65000000.0,30.0,7.0,1.0,1717.0,1.0,0.0
480191,Cohen Bramall,Arsenal FC,1996-04-02,Defender,Left-Back,left,178.0,,600000.0,0.0,0.0,0.0,0.0,0.0,0.0
480723,Finn Azaz,Southampton FC,2000-09-07,Midfield,Attacking Midfield,right,185.0,14.0,20000000.0,0.0,0.0,0.0,0.0,0.0,0.0
480762,Lisandro Martínez,Manchester United,1998-01-18,Defender,Centre-Back,left,175.0,32.0,40000000.0,18.0,0.0,0.0,1231.0,0.0,0.0
480987,Chris Mepham,West Bromwich Albion,1997-11-05,Defender,Centre-Back,right,190.0,55.0,3000000.0,0.0,0.0,0.0,0.0,0.0,0.0
482836,David Strelec,Middlesbrough FC,2001-04-04,Attack,Centre-Forward,left,185.0,39.0,8000000.0,0.0,0.0,0.0,0.0,0.0,0.0
483348,Djed Spence,Tottenham Hotspur,2000-08-09,Defender,Left-Back,right,184.0,11.0,30000000.0,26.0,0.0,0.0,1715.0,2.0,0.0
484389,Kell Watts,Newcastle United,1999-11-03,Defender,Centre-Back,left,192.0,,250000.0,0.0,0.0,0.0,0.0,0.0,0.0
484390,Tom Allan,Newcastle United,1999-09-23,Attack,Right Winger,right,173.0,,100000.0,0.0,0.0,0.0,0.0,0.0,0.0
484547,Jeremie Frimpong,Liverpool FC,2000-12-10,Defender,Right-Back,right,172.0,15.0,35000000.0,20.0,0.0,2.0,980.0,1.0,0.0
484551,Taylor Richards,Brighton & Hove Albion,2000-12-04,Midfield,Central Midfield,left,180.0,,400000.0,0.0,0.0,0.0,0.0,0.0,0.0
485583,Ki-Jana Hoever,Wolverhampton Wanderers,2002-01-18,Defender,Right-Back,right,183.0,6.0,3500000.0,6.0,0.0,0.0,320.0,0.0,0.0
485585,Ian Maatsen,Aston Villa,2002-03-10,Defender,Left-Back,left,178.0,1.0,30000000.0,28.0,0.0,2.0,1489.0,2.0,0.0
485706,Amadou Onana,Aston Villa,2001-08-16,Midfield,Defensive Midfield,right,195.0,33.0,45000000.0,23.0,2.0,0.0,1610.0,2.0,0.0
486049,Jérémy Doku,Manchester City,2002-05-27,Attack,Left Winger,right,173.0,48.0,75000000.0,27.0,5.0,7.0,1666.0,0.0,0.0
486100,Jake Walker,Aston Villa,2000-11-03,Midfield,Central Midfield,right,179.0,,75000.0,0.0,0.0,0.0,0.0,0.0,0.0
486144,Jakub Stolarczyk,Leicester City,2000-12-19,Goalkeeper,Goalkeeper,right,194.0,1.0,300000.0,0.0,0.0,0.0,0.0,0.0,0.0
486477,Edo Kayembe,Watford FC,1998-06-03,Midfield,Central Midfield,left,183.0,44.0,4000000.0,0.0,0.0,0.0,0.0,0.0,0.0
487417,Liam Millar,Hull City,1999-09-27,Attack,Left Winger,right,181.0,42.0,1700000.0,0.0,0.0,0.0,0.0,0.0,0.0
487428,Nikola Tavares,Crystal Palace,1999-01-17,Defender,Centre-Back,right,188.0,,,0.0,0.0,0.0,0.0,0.0,0.0
487465,Pedro Neto,Chelsea FC,2000-03-09,Attack,Right Winger,left,174.0,30.0,60000000.0,30.0,4.0,6.0,2292.0,2.0,0.0
487969,Randal Kolo Muani,Tottenham Hotspur,1998-12-05,Attack,Centre-Forward,right,187.0,32.0,20000000.0,30.0,1.0,1.0,1669.0,3.0,0.0
488362,Conor Gallagher,Tottenham Hotspur,2000-02-06,Midfield,Central Midfield,right,182.0,22.0,32000000.0,16.0,1.0,1.0,1191.0,2.0,0.0
488656,Siriki Dembélé,AFC Bournemouth,1996-09-07,Attack,Left Winger,right,173.0,,2000000.0,0.0,0.0,0.0,0.0,0.0,0.0
488935,Hákon Valdimarsson,Brentford FC,2001-10-13,Goalkeeper,Goalkeeper,right,195.0,22.0,2500000.0,1.0,0.0,0.0,90.0,0.0,0.0
489359,Ao Tanaka,Leeds United,1998-09-10,Midfield,Central Midfield,right,180.0,41.0,13000000.0,26.0,2.0,0.0,1170.0,1.0,0.0
490307,Enock Mwepu,Brighton & Hove Albion,1998-01-01,Midfield,Central Midfield,right,184.0,,18000000.0,0.0,0.0,0.0,0.0,0.0,0.0
493003,Daniel Muñoz,Crystal Palace,1996-05-26,Defender,Right-Back,right,180.0,51.0,22000000.0,25.0,4.0,2.0,2044.0,5.0,0.0
493607,Matt Worthington,AFC Bournemouth,1997-12-18,Midfield,Central Midfield,,,,,0.0,0.0,0.0,0.0,0.0,0.0
494237,Wilson Isidor,Sunderland AFC,2000-08-27,Attack,Centre-Forward,right,184.0,7.0,18000000.0,28.0,4.0,0.0,1003.0,2.0,0.0
494284,Liam Hughes,Liverpool FC,2001-08-19,Goalkeeper,Goalkeeper,right,193.0,,,0.0,0.0,0.0,0.0,0.0,0.0
494684,Kyle Jameson,West Bromwich Albion,1998-09-11,Defender,Centre-Back,,183.0,,125000.0,0.0,0.0,0.0,0.0,0.0,0.0
494880,Jorge Cuenca,Fulham FC,1999-11-17,Defender,Centre-Back,left,190.0,0.0,8000000.0,14.0,0.0,0.0,854.0,6.0,0.0
495033,Nathan Bishop,Manchester United,1999-10-15,Goalkeeper,Goalkeeper,right,185.0,,300000.0,0.0,0.0,0.0,0.0,0.0,0.0
495666,William Saliba,Arsenal FC,2001-03-24,Defender,Centre-Back,right,192.0,37.0,100000000.0,28.0,1.0,0.0,2430.0,2.0,0.0
495993,Dion Sanderson,Wolverhampton Wanderers,1999-12-15,Defender,Centre-Back,right,188.0,,4000000.0,0.0,0.0,0.0,0.0,0.0,0.0
496659,Ben Cabango,Swansea City,2000-05-30,Defender,Centre-Back,right,186.0,16.0,9000000.0,0.0,0.0,0.0,0.0,0.0,0.0
496661,Elliot Thorpe,Luton Town,2000-11-09,Midfield,Central Midfield,right,176.0,,200000.0,0.0,0.0,0.0,0.0,0.0,0.0
497291,Nicolás Domínguez,Nottingham Forest,1998-06-28,Midfield,Central Midfield,right,179.0,11.0,15000000.0,27.0,1.0,1.0,1177.0,3.0,0.0
499604,Dion Pereira,Luton Town,1999-03-25,Attack,Left Winger,left,180.0,,175000.0,0.0,0.0,0.0,0.0,0.0,0.0
500689,Evann Guessand,Crystal Palace,2001-07-01,Attack,Right Winger,right,188.0,23.0,25000000.0,18.0,1.0,1.0,811.0,0.0,0.0
501156,Ákos Onódi,Aston Villa,2001-09-02,Goalkeeper,Goalkeeper,right,195.0,,150000.0,0.0,0.0,0.0,0.0,0.0,0.0
501743,Koki Saito,Queens Park Rangers,2001-08-10,Attack,Left Winger,right,170.0,1.0,3200000.0,0.0,0.0,0.0,0.0,0.0,0.0
502065,Aji Alese,West Ham United,2001-01-17,Defender,Centre-Back,left,192.0,,1200000.0,0.0,0.0,0.0,0.0,0.0,0.0
502073,Taylor Perry,Wolverhampton Wanderers,2001-07-15,Midfield,Central Midfield,right,180.0,,350000.0,0.0,0.0,0.0,0.0,0.0,0.0
502676,Giorgi Mamardashvili,Liverpool FC,2000-09-29,Goalkeeper,Goalkeeper,left,197.0,38.0,28000000.0,10.0,0.0,0.0,868.0,0.0,0.0
502821,Riccardo Calafiori,Arsenal FC,2002-05-19,Defender,Left-Back,left,188.0,14.0,55000000.0,22.0,0.0,0.0,1414.0,3.0,0.0
503241,Reece Hannam,Crystal Palace,2000-09-11,Defender,Left-Back,left,186.0,,200000.0,0.0,0.0,0.0,0.0,0.0,0.0
503679,Rhys Williams,Liverpool FC,2001-02-03,Defender,Centre-Back,right,195.0,2.0,500000.0,0.0,0.0,0.0,0.0,0.0,0.0
503680,Neco Williams,Nottingham Forest,2001-04-13,Defender,Left-Back,right,183.0,57.0,28000000.0,33.0,2.0,3.0,2846.0,4.0,0.0
503683,Anthony Driscoll-Glennon,Burnley FC,1999-11-26,Defender,Left-Back,left,181.0,,250000.0,0.0,0.0,0.0,0.0,0.0,0.0
503686,Dan Ballard,Sunderland AFC,1999-09-22,Defender,Centre-Back,right,187.0,33.0,20000000.0,27.0,1.0,2.0,2049.0,4.0,0.0
503687,Tobi Omole,Tottenham Hotspur,1999-12-17,Defender,Centre-Back,left,189.0,,75000.0,0.0,0.0,0.0,0.0,0.0,0.0
503733,Anthony Gordon,Newcastle United,2001-02-24,Attack,Left Winger,right,183.0,23.0,65000000.0,24.0,6.0,2.0,1679.0,3.0,0.0
503743,Morgan Rogers,Aston Villa,2002-07-26,Midfield,Attacking Midfield,right,187.0,19.0,90000000.0,33.0,10.0,7.0,2925.0,7.0,0.0
503749,Jacob Ramsey,Newcastle United,2001-05-28,Midfield,Central Midfield,right,180.0,16.0,35000000.0,26.0,2.0,3.0,1386.0,3.0,0.0
503750,Dominic Revan,Aston Villa,2000-09-19,Defender,Centre-Back,right,180.0,,150000.0,0.0,0.0,0.0,0.0,0.0,0.0
503762,Jamal Balogun,Watford FC,2000-01-18,Defender,Right-Back,right,,,,0.0,0.0,0.0,0.0,0.0,0.0
503765,James Hillson,Chelsea FC,2001-01-14,Goalkeeper,Goalkeeper,left,187.0,,,0.0,0.0,0.0,0.0,0.0,0.0
503769,Arthur Okonkwo,Arsenal FC,2001-09-09,Goalkeeper,Goalkeeper,right,198.0,,1800000.0,0.0,0.0,0.0,0.0,0.0,0.0
503795,Jeremy Ngakia,Watford FC,2000-09-07,Defender,Right-Back,right,184.0,0.0,2200000.0,0.0,0.0,0.0,0.0,0.0,0.0
503976,Dynel Simeu,Southampton FC,2002-03-13,Defender,Centre-Back,right,187.0,,800000.0,0.0,0.0,0.0,0.0,0.0,0.0
503977,Taylor Harwood-Bellis,Southampton FC,2002-01-30,Defender,Centre-Back,right,188.0,1.0,20000000.0,0.0,0.0,0.0,0.0,0.0,0.0
503980,Joe Gelhardt,Leeds United,2002-05-04,Attack,Centre-Forward,left,179.0,,7000000.0,0.0,0.0,0.0,0.0,0.0,0.0
503981,Tino Livramento,Newcastle United,2002-11-12,Defender,Right-Back,right,182.0,6.0,45000000.0,13.0,0.0,0.0,968.0,1.0,0.0
503987,Noni Madueke,Arsenal FC,2002-03-10,Attack,Right Winger,left,182.0,15.0,50000000.0,22.0,3.0,1.0,956.0,0.0,0.0
503990,Nathan Wood,Southampton FC,2002-05-31,Defender,Centre-Back,right,188.0,4.0,4000000.0,0.0,0.0,0.0,0.0,0.0,0.0
504042,Daniel Barden,Norwich City,2001-01-02,Goalkeeper,Goalkeeper,right,195.0,,200000.0,0.0,0.0,0.0,0.0,0.0,0.0
504051,Jamie Bowden,Tottenham Hotspur,2001-07-09,Midfield,Defensive Midfield,right,183.0,,,0.0,0.0,0.0,0.0,0.0,0.0
504507,Kyle John,Everton FC,2001-02-13,Defender,Right-Back,right,,,150000.0,0.0,0.0,0.0,0.0,0.0,0.0
504508,Michael Collins,Everton FC,2000-09-22,Defender,Centre-Back,,,,,0.0,0.0,0.0,0.0,0.0,0.0
504542,Henry Wise,Watford FC,2000-01-01,Midfield,Central Midfield,,175.0,,25000.0,0.0,0.0,0.0,0.0,0.0,0.0
504581,Ryan Giles,Luton Town,2000-01-26,Defender,Left-Back,left,183.0,,4500000.0,0.0,0.0,0.0,0.0,0.0,0.0
504849,Kaoru Mitoma,Brighton & Hove Albion,1997-05-20,Attack,Left Winger,right,178.0,31.0,22000000.0,21.0,2.0,0.0,1369.0,4.0,0.0
504855,John McAtee,Luton Town,1999-07-23,Attack,Second Striker,right,180.0,,300000.0,0.0,0.0,0.0,0.0,0.0,0.0
504966,Mason Barrett,Watford FC,1999-09-24,Defender,Centre-Back,right,190.0,,50000.0,0.0,0.0,0.0,0.0,0.0,0.0
505046,Ben Winterbottom,Brentford FC,2001-07-16,Goalkeeper,Goalkeeper,left,188.0,,,0.0,0.0,0.0,0.0,0.0,0.0
505194,Luke Thomas,Leicester City,2001-06-10,Defender,Left-Back,left,181.0,15.0,6000000.0,0.0,0.0,0.0,0.0,0.0,0.0
505219,James Garner,Everton FC,2001-03-13,Midfield,Defensive Midfield,right,182.0,2.0,45000000.0,34.0,1.0,7.0,3054.0,11.0,0.0
505548,Louie Watson,Luton Town,2001-06-07,Midfield,Central Midfield,,180.0,,250000.0,0.0,0.0,0.0,0.0,0.0,0.0
506189,Flynn Downes,Southampton FC,1999-01-20,Midfield,Defensive Midfield,right,178.0,6.0,12000000.0,0.0,0.0,0.0,0.0,0.0,0.0
506213,Joy Mukena,Watford FC,1999-07-03,Defender,Centre-Back,,190.0,,,0.0,0.0,0.0,0.0,0.0,0.0
506470,Josh Bowler,Nottingham Forest,1999-03-05,Attack,Right Winger,left,184.0,,900000.0,0.0,0.0,0.0,0.0,0.0,0.0
506942,Zan Vipotnik,Swansea City,2002-03-18,Attack,Centre-Forward,both,185.0,26.0,22000000.0,0.0,0.0,0.0,0.0,0.0,0.0
506965,James Olayinka,Arsenal FC,2000-10-05,Midfield,Central Midfield,right,175.0,,300000.0,0.0,0.0,0.0,0.0,0.0,0.0
507235,Jack Young,Newcastle United,2000-10-21,Midfield,Central Midfield,right,171.0,,150000.0,0.0,0.0,0.0,0.0,0.0,0.0
507254,Nathan Ferguson,Crystal Palace,2000-10-06,Defender,Centre-Back,right,184.0,,1000000.0,0.0,0.0,0.0,0.0,0.0,0.0
507700,Brandon Williams,Manchester United,2000-09-03,Defender,Left-Back,right,180.0,,2500000.0,0.0,0.0,0.0,0.0,0.0,0.0
509268,Daniel Batty,Hull City,1997-12-10,Midfield,Central Midfield,right,178.0,,300000.0,0.0,0.0,0.0,0.0,0.0,0.0
511550,Ellis Simms,Everton FC,2001-01-05,Attack,Centre-Forward,right,191.0,,6000000.0,0.0,0.0,0.0,0.0,0.0,0.0
511964,Jackson Smith,Wolverhampton Wanderers,2001-10-14,Goalkeeper,Goalkeeper,,187.0,,150000.0,0.0,0.0,0.0,0.0,0.0,0.0
512175,Ryan Longman,Brighton & Hove Albion,2000-11-06,Attack,Right Winger,right,180.0,,2200000.0,0.0,0.0,0.0,0.0,0.0,0.0
512354,Malcolm Ebiowei,Crystal Palace,2003-09-04,Attack,Right Winger,left,185.0,3.0,1000000.0,0.0,0.0,0.0,0.0,0.0,0.0
513968,Aidan Morris,Middlesbrough FC,2001-11-16,Midfield,Central Midfield,right,175.0,14.0,10000000.0,0.0,0.0,0.0,0.0,0.0,0.0
513970,Julián Araujo,AFC Bournemouth,2001-08-13,Defender,Right-Back,right,176.0,16.0,8000000.0,0.0,0.0,0.0,0.0,0.0,0.0
514285,Quilindschy Hartman,Burnley FC,2001-11-14,Defender,Left-Back,left,183.0,5.0,16000000.0,18.0,0.0,5.0,1560.0,1.0,0.0
515544,Trai Hume,Sunderland AFC,2002-03-18,Defender,Right-Back,right,180.0,31.0,22000000.0,34.0,2.0,1.0,2679.0,9.0,0.0
517894,Matheus Cunha,Manchester United,1999-05-27,Attack,Centre-Forward,right,183.0,28.0,75000000.0,30.0,10.0,4.0,2292.0,4.0,0.0
518644,Largie Ramazani,Leeds United,2001-02-27,Attack,Left Winger,right,168.0,8.0,8000000.0,0.0,0.0,0.0,0.0,0.0,0.0
520624,Bruno Guimarães,Newcastle United,1997-11-16,Midfield,Central Midfield,right,182.0,48.0,70000000.0,25.0,8.0,6.0,2100.0,4.0,0.0
520651,Jensen Weir,Brighton & Hove Albion,2002-01-31,Midfield,Central Midfield,right,184.0,2.0,375000.0,0.0,0.0,0.0,0.0,0.0,0.0
521964,Malick Thiaw,Newcastle United,2001-08-08,Defender,Centre-Back,right,194.0,7.0,45000000.0,34.0,4.0,0.0,2955.0,4.0,0.0
522784,Taty Castellanos,West Ham United,1998-10-03,Attack,Centre-Forward,right,178.0,2.0,28000000.0,18.0,6.0,0.0,1396.0,6.0,0.0
525247,Maximilian Kilman,West Ham United,1997-05-23,Defender,Centre-Back,left,194.0,,13000000.0,17.0,0.0,0.0,1198.0,3.0,0.0
527425,Luke Woolfenden,Ipswich Town,1998-10-21,Defender,Centre-Back,right,193.0,,2000000.0,0.0,0.0,0.0,0.0,0.0,0.0
528888,Tyrese Francois,Fulham FC,2000-07-16,Midfield,Central Midfield,left,173.0,,600000.0,0.0,0.0,0.0,0.0,0.0,0.0
528892,Harry Clarke,Ipswich Town,2001-03-02,Defender,Right-Back,right,180.0,2.0,4000000.0,0.0,0.0,0.0,0.0,0.0,0.0
528894,Matt Smith,Arsenal FC,2000-10-05,Midfield,Central Midfield,right,176.0,,350000.0,0.0,0.0,0.0,0.0,0.0,0.0
530222,Michael Tait,Aston Villa,2001-01-29,Attack,Centre-Forward,right,177.0,,,0.0,0.0,0.0,0.0,0.0,0.0
530223,Mungo Bridge,Aston Villa,2000-09-12,Defender,Centre-Back,left,,,150000.0,0.0,0.0,0.0,0.0,0.0,0.0
530813,Anis Mehmeti,Ipswich Town,2001-01-09,Midfield,Attacking Midfield,right,180.0,5.0,,0.0,0.0,0.0,0.0,0.0,0.0
530916,Jack Spong,Brighton & Hove Albion,2002-02-04,Midfield,Central Midfield,,,,175000.0,0.0,0.0,0.0,0.0,0.0,0.0
531677,Di'Shon Bernard,Manchester United,2000-10-14,Defender,Centre-Back,right,188.0,,2000000.0,0.0,0.0,0.0,0.0,0.0,0.0
531678,D'Mani Mellor,Manchester United,2000-09-20,Attack,Centre-Forward,right,186.0,,300000.0,0.0,0.0,0.0,0.0,0.0,0.0
531679,Ethan Laird,Manchester United,2001-08-05,Defender,Right-Back,right,177.0,,5000000.0,0.0,0.0,0.0,0.0,0.0,0.0
531957,Cody Drameh,Leeds United,2001-12-08,Defender,Right-Back,right,175.0,,3500000.0,0.0,0.0,0.0,0.0,0.0,0.0
532464,Daniel Adshead,Norwich City,2001-09-02,Midfield,Central Midfield,right,179.0,,125000.0,0.0,0.0,0.0,0.0,0.0,0.0
532541,Luke Cundle,Wolverhampton Wanderers,2002-04-26,Midfield,Central Midfield,right,171.0,,3200000.0,0.0,0.0,0.0,0.0,0.0,0.0
532776,Amine Adli,AFC Bournemouth,2000-05-10,Attack,Left Winger,left,180.0,17.0,20000000.0,28.0,3.0,2.0,1009.0,2.0,0.0
532824,Dan Langley,Newcastle United,2000-12-28,Goalkeeper,Goalkeeper,left,201.0,,250000.0,0.0,0.0,0.0,0.0,0.0,0.0
533083,Bayli Spencer-Adams,Watford FC,2001-06-26,Defender,Centre-Back,,,,,0.0,0.0,0.0,0.0,0.0,0.0
533086,Amadou Diallo,Newcastle United,2003-02-15,Attack,Left Winger,,,,400000.0,0.0,0.0,0.0,0.0,0.0,0.0
533523,Haydon Roberts,Brighton & Hove Albion,2002-05-10,Defender,Left-Back,left,175.0,,700000.0,0.0,0.0,0.0,0.0,0.0,0.0
533657,Lewis Brunt,Leicester City,2000-11-06,Midfield,Defensive Midfield,,187.0,,100000.0,0.0,0.0,0.0,0.0,0.0,0.0
533662,Cameron Archer,Southampton FC,2001-12-09,Attack,Centre-Forward,right,175.0,11.0,10000000.0,0.0,0.0,0.0,0.0,0.0,0.0
533913,Jordan Stevens,Leeds United,2000-03-25,Midfield,Attacking Midfield,right,178.0,,200000.0,0.0,0.0,0.0,0.0,0.0,0.0
533916,Shandon Baptiste,Brentford FC,1998-04-08,Midfield,Central Midfield,right,180.0,,2500000.0,0.0,0.0,0.0,0.0,0.0,0.0
534033,Alexis Mac Allister,Liverpool FC,1998-12-24,Midfield,Central Midfield,right,176.0,51.0,70000000.0,35.0,2.0,3.0,2530.0,7.0,0.0
534698,Robbie Gotts,Leeds United,1999-11-09,Midfield,Central Midfield,right,177.0,,250000.0,0.0,0.0,0.0,0.0,0.0,0.0
534700,Jamie Shackleton,Leeds United,1999-10-08,Midfield,Central Midfield,right,168.0,,2000000.0,0.0,0.0,0.0,0.0,0.0,0.0
535927,Luke McNally,Burnley FC,1999-09-20,Defender,Centre-Back,right,193.0,,3800000.0,0.0,0.0,0.0,0.0,0.0,0.0
536794,Billy Crellin,Everton FC,2000-06-30,Goalkeeper,Goalkeeper,right,185.0,,,0.0,0.0,0.0,0.0,0.0,0.0
536835,Amad Diallo,Manchester United,2002-07-11,Attack,Right Winger,left,173.0,23.0,45000000.0,29.0,2.0,3.0,2169.0,2.0,0.0
537860,Mykhaylo Mudryk,Chelsea FC,2001-01-05,Attack,Left Winger,right,175.0,28.0,18000000.0,0.0,0.0,0.0,0.0,0.0,0.0
538977,Georginio Rutter,Brighton & Hove Albion,2002-04-20,Attack,Centre-Forward,left,182.0,7.0,30000000.0,29.0,3.0,3.0,1626.0,1.0,0.0
540630,Jakub Ojrzynski,Liverpool FC,2003-02-19,Goalkeeper,Goalkeeper,right,196.0,,50000.0,0.0,0.0,0.0,0.0,0.0,0.0
540687,Zak Swanson,Arsenal FC,2000-09-28,Defender,Right-Back,right,189.0,,250000.0,0.0,0.0,0.0,0.0,0.0,0.0
540941,Mikkel Damsgaard,Brentford FC,2000-07-03,Midfield,Attacking Midfield,right,180.0,40.0,30000000.0,31.0,4.0,4.0,1878.0,0.0,0.0
541231,Sepp van den Berg,Brentford FC,2001-12-20,Defender,Centre-Back,right,192.0,8.0,32000000.0,28.0,0.0,2.0,2401.0,2.0,0.0
542586,Illan Meslier,Leeds United,2000-03-02,Goalkeeper,Goalkeeper,left,197.0,13.0,8000000.0,0.0,0.0,0.0,0.0,0.0,0.0
542884,Alex Gilbert,Brentford FC,2001-12-28,Attack,Left Winger,,183.0,,100000.0,0.0,0.0,0.0,0.0,0.0,0.0
543164,Rhys Norrington-Davies,Queens Park Rangers,1999-04-22,Defender,Left-Back,left,181.0,17.0,2500000.0,0.0,0.0,0.0,0.0,0.0,0.0
543387,Cheick Doucouré,Crystal Palace,2000-01-08,Midfield,Defensive Midfield,right,180.0,14.0,10000000.0,0.0,0.0,0.0,0.0,0.0,0.0
543499,Mohammed Kudus,Tottenham Hotspur,2000-08-02,Attack,Right Winger,left,177.0,46.0,50000000.0,15.0,2.0,4.0,1195.0,3.0,0.0
544789,Flávio Cristóvão,Wolverhampton Wanderers,1997-05-23,Midfield,Defensive Midfield,right,185.0,,100000.0,0.0,0.0,0.0,0.0,0.0,0.0
546194,Tom Clayton,Liverpool FC,2000-12-27,Defender,Centre-Back,left,187.0,,175000.0,0.0,0.0,0.0,0.0,0.0,0.0
546712,Anis Ben Slimane,Norwich City,2001-03-16,Midfield,Attacking Midfield,both,188.0,43.0,2500000.0,0.0,0.0,0.0,0.0,0.0,0.0
546944,Taylor Gardner-Hickman,West Bromwich Albion,2001-12-30,Defender,Right-Back,right,188.0,,1800000.0,0.0,0.0,0.0,0.0,0.0,0.0
547039,Isaak Davies,Cardiff City,2001-09-25,Attack,Left Winger,right,175.0,2.0,1000000.0,0.0,0.0,0.0,0.0,0.0,0.0
547533,Miguel Azeez,Arsenal FC,2002-09-20,Midfield,Central Midfield,right,180.0,,600000.0,0.0,0.0,0.0,0.0,0.0,0.0
547534,Josh Martin,Norwich City,2001-09-09,Attack,Left Winger,right,176.0,,500000.0,0.0,0.0,0.0,0.0,0.0,0.0
548470,Teden Mengi,Luton Town,2002-04-30,Defender,Centre-Back,right,186.0,,12000000.0,0.0,0.0,0.0,0.0,0.0,0.0
548729,Zeki Amdouni,Burnley FC,2000-12-04,Attack,Centre-Forward,right,183.0,32.0,7000000.0,4.0,0.0,0.0,69.0,0.0,0.0
550995,Owen Hesketh,Wolverhampton Wanderers,2002-10-10,Midfield,Attacking Midfield,right,180.0,,,0.0,0.0,0.0,0.0,0.0,0.0
551001,Owen Beck,Liverpool FC,2002-08-09,Defender,Left-Back,left,177.0,,1250000.0,0.0,0.0,0.0,0.0,0.0,0.0
553875,Pedro Porro,Tottenham Hotspur,1999-09-13,Defender,Right-Back,right,173.0,22.0,35000000.0,30.0,1.0,2.0,2457.0,9.0,0.0
554098,Keenan Appiah-Forson,West Ham United,2001-10-16,Midfield,Defensive Midfield,right,174.0,,300000.0,0.0,0.0,0.0,0.0,0.0,0.0
554173,Malachi Fagan-Walcott,Tottenham Hotspur,2002-03-11,Defender,Centre-Back,right,186.0,,,0.0,0.0,0.0,0.0,0.0,0.0
554174,J'Neil Bennett,Tottenham Hotspur,2001-12-07,Attack,Left Winger,right,178.0,,,0.0,0.0,0.0,0.0,0.0,0.0
554175,Alpha Diounkou,Manchester City,2001-10-10,Defender,Centre-Back,right,184.0,,300000.0,0.0,0.0,0.0,0.0,0.0,0.0
555076,Romain Faivre,AFC Bournemouth,1998-07-14,Midfield,Attacking Midfield,left,180.0,8.0,4000000.0,0.0,0.0,0.0,0.0,0.0,0.0
556385,Destiny Udogie,Tottenham Hotspur,2002-11-28,Defender,Left-Back,left,188.0,12.0,30000000.0,18.0,0.0,1.0,1304.0,4.0,0.0
557459,Micky van de Ven,Tottenham Hotspur,2001-04-19,Defender,Centre-Back,left,193.0,24.0,50000000.0,31.0,3.0,1.0,2693.0,8.0,0.0
559130,Harrison Ashby,Newcastle United,2001-11-14,Defender,Right-Back,right,179.0,4.0,1200000.0,0.0,0.0,0.0,0.0,0.0,0.0
559263,Fábio Carvalho,Brentford FC,2002-08-30,Midfield,Attacking Midfield,right,170.0,4.0,8000000.0,3.0,0.0,0.0,8.0,0.0,0.0
559330,Salah Oulad,Arsenal FC,2003-08-20,Midfield,Central Midfield,right,177.0,1.0,350000.0,0.0,0.0,0.0,0.0,0.0,0.0
559794,Jack Clarke,Ipswich Town,2000-11-23,Attack,Left Winger,right,181.0,6.0,15000000.0,0.0,0.0,0.0,0.0,0.0,0.0
559800,Oliver Casey,Leeds United,2000-12-19,Defender,Centre-Back,right,188.0,,350000.0,0.0,0.0,0.0,0.0,0.0,0.0
559801,Niall Huggins,Sunderland AFC,2000-12-18,Defender,Right-Back,right,173.0,0.0,200000.0,0.0,0.0,0.0,0.0,0.0,0.0
560694,Lewis O'Brien,Nottingham Forest,1998-10-14,Midfield,Central Midfield,left,173.0,,4000000.0,0.0,0.0,0.0,0.0,0.0,0.0
561452,Dan Chesters,West Ham United,2002-04-04,Midfield,Right Midfield,right,,,200000.0,0.0,0.0,0.0,0.0,0.0,0.0
562254,Kyle Taylor,AFC Bournemouth,1999-08-28,Midfield,Central Midfield,right,167.0,,200000.0,0.0,0.0,0.0,0.0,0.0,0.0
562257,Shaun Hobson,AFC Bournemouth,1998-06-29,Defender,Centre-Back,right,188.0,,,0.0,0.0,0.0,0.0,0.0,0.0
563306,Jordan Thomas,Norwich City,2001-01-02,Defender,Right-Back,right,179.0,,,0.0,0.0,0.0,0.0,0.0,0.0
564529,Victor Kristiansen,Leicester City,2002-12-16,Defender,Left-Back,left,181.0,18.0,9000000.0,0.0,0.0,0.0,0.0,0.0,0.0
565093,Bart Verbruggen,Brighton & Hove Albion,2002-08-18,Goalkeeper,Goalkeeper,right,193.0,33.0,40000000.0,34.0,0.0,0.0,3060.0,3.0,0.0
565419,Jack Bearne,Liverpool FC,2001-09-15,Attack,Right Winger,,,,75000.0,0.0,0.0,0.0,0.0,0.0,0.0
565420,Jake Cain,Liverpool FC,2001-09-02,Midfield,Central Midfield,right,176.0,,200000.0,0.0,0.0,0.0,0.0,0.0,0.0
565684,George Shelvey,Nottingham Forest,2001-04-22,Goalkeeper,Goalkeeper,right,189.0,,,0.0,0.0,0.0,0.0,0.0,0.0
565817,Connor McAvoy,Fulham FC,2002-02-16,Defender,Centre-Back,right,190.0,,250000.0,0.0,0.0,0.0,0.0,0.0,0.0
565822,Harvey Elliott,Liverpool FC,2003-04-04,Midfield,Attacking Midfield,left,170.0,28.0,20000000.0,3.0,0.0,0.0,90.0,0.0,0.0
566349,Matty Daly,Huddersfield Town,2001-03-10,Midfield,Attacking Midfield,right,175.0,,250000.0,0.0,0.0,0.0,0.0,0.0,0.0
566799,James Trafford,Manchester City,2002-10-10,Goalkeeper,Goalkeeper,right,192.0,2.0,25000000.0,1.0,0.0,0.0,90.0,0.0,0.0
566832,Josh Brooking,Chelsea FC,2002-09-01,Defender,Centre-Back,right,,,500000.0,0.0,0.0,0.0,0.0,0.0,0.0
566888,Thomas Dickson-Peters,Norwich City,2002-09-16,Attack,Centre-Forward,right,188.0,,200000.0,0.0,0.0,0.0,0.0,0.0,0.0
567576,Elliot Anderson,Nottingham Forest,2002-11-06,Midfield,Central Midfield,right,179.0,14.0,75000000.0,34.0,4.0,3.0,2975.0,8.0,0.0
567597,Odeluga Offiah,Brighton & Hove Albion,2002-10-26,Defender,Centre-Back,right,187.0,,1800000.0,0.0,0.0,0.0,0.0,0.0,0.0
568006,Dennis Cirkin,Sunderland AFC,2002-04-06,Defender,Left-Back,left,182.0,0.0,6000000.0,8.0,0.0,0.0,320.0,2.0,0.0
568007,Ben Knight,Manchester City,2002-06-14,Attack,Right Winger,left,170.0,,300000.0,0.0,0.0,0.0,0.0,0.0,0.0
568177,Cole Palmer,Chelsea FC,2002-05-06,Midfield,Attacking Midfield,left,185.0,14.0,100000000.0,24.0,9.0,1.0,1841.0,5.0,0.0
568559,Radu Drăgușin,Tottenham Hotspur,2002-02-03,Defender,Centre-Back,right,191.0,30.0,16000000.0,10.0,0.0,0.0,516.0,0.0,0.0
568693,Pape Matar Sarr,Tottenham Hotspur,2002-09-14,Midfield,Central Midfield,right,185.0,42.0,30000000.0,22.0,1.0,3.0,1043.0,3.0,0.0
569663,Mathias Kvistgaarden,Norwich City,2002-04-15,Attack,Centre-Forward,right,174.0,1.0,6000000.0,0.0,0.0,0.0,0.0,0.0,0.0
570336,Dan Neil,Sunderland AFC,2001-12-13,Midfield,Central Midfield,left,185.0,3.0,,3.0,0.0,0.0,13.0,0.0,0.0
570469,Mateusz Musialowski,Liverpool FC,2003-10-16,Midfield,Attacking Midfield,both,175.0,,300000.0,0.0,0.0,0.0,0.0,0.0,0.0
570864,Tony Springett,Norwich City,2002-09-22,Attack,Right Winger,,,,500000.0,0.0,0.0,0.0,0.0,0.0,0.0
571743,Armando Broja,Burnley FC,2001-09-10,Attack,Centre-Forward,right,191.0,37.0,5000000.0,24.0,1.0,1.0,849.0,0.0,0.0
571827,Lewis Richards,Wolverhampton Wanderers,2001-10-15,Defender,Centre-Back,left,182.0,,175000.0,0.0,0.0,0.0,0.0,0.0,0.0
573132,Ethan Wady,Chelsea FC,2002-01-23,Goalkeeper,Goalkeeper,,,,,0.0,0.0,0.0,0.0,0.0,0.0
574448,Harry Tyrer,Everton FC,2001-12-06,Goalkeeper,Goalkeeper,right,194.0,,,0.0,0.0,0.0,0.0,0.0,0.0
575210,Harrison Sohna,Aston Villa,2002-07-01,Midfield,Central Midfield,,178.0,,150000.0,0.0,0.0,0.0,0.0,0.0,0.0
576314,Jan Paul van Hecke,Brighton & Hove Albion,2000-06-08,Defender,Centre-Back,right,189.0,16.0,45000000.0,32.0,3.0,3.0,2851.0,8.0,0.0
577779,James Daly,Crystal Palace,2000-01-12,Attack,Centre-Forward,left,178.0,,,0.0,0.0,0.0,0.0,0.0,0.0
578391,Rayan Aït-Nouri,Manchester City,2001-06-06,Defender,Left-Back,left,180.0,33.0,40000000.0,14.0,0.0,2.0,773.0,1.0,0.0
578539,Chris Richards,Crystal Palace,2000-03-28,Defender,Centre-Back,right,189.0,40.0,28000000.0,29.0,1.0,0.0,2466.0,4.0,0.0
579295,Melker Widell,Swansea City,2002-04-19,Midfield,Central Midfield,right,181.0,1.0,1800000.0,0.0,0.0,0.0,0.0,0.0,0.0
580030,James Furlong,Brighton & Hove Albion,2002-06-07,Defender,Left-Back,left,178.0,,275000.0,0.0,0.0,0.0,0.0,0.0,0.0
580809,Ed Turns,Brighton & Hove Albion,2002-10-18,Defender,Centre-Back,right,186.0,4.0,400000.0,0.0,0.0,0.0,0.0,0.0,0.0
581330,Eiran Cashin,Brighton & Hove Albion,2001-11-09,Defender,Centre-Back,left,184.0,0.0,5000000.0,0.0,0.0,0.0,0.0,0.0,0.0
581445,Mazeed Ogungbo,Arsenal FC,2002-10-20,Defender,Centre-Back,left,,,150000.0,0.0,0.0,0.0,0.0,0.0,0.0
581598,Harvey White,Tottenham Hotspur,2001-09-19,Midfield,Defensive Midfield,left,168.0,,600000.0,0.0,0.0,0.0,0.0,0.0,0.0
581670,Louie Barry,Aston Villa,2003-06-21,Attack,Left Winger,right,174.0,,1000000.0,0.0,0.0,0.0,0.0,0.0,0.0
581674,Charlie Patino,Arsenal FC,2003-10-17,Midfield,Central Midfield,left,182.0,,12000000.0,0.0,0.0,0.0,0.0,0.0,0.0
581675,Harvey Vale,Chelsea FC,2003-09-11,Midfield,Right Midfield,left,181.0,9.0,1500000.0,0.0,0.0,0.0,0.0,0.0,0.0
581679,Nathan Young-Coombes,Brentford FC,2003-01-15,Attack,Right Winger,right,175.0,,,0.0,0.0,0.0,0.0,0.0,0.0
581681,Finley Burns,Manchester City,2003-06-17,Defender,Centre-Back,,196.0,,300000.0,0.0,0.0,0.0,0.0,0.0,0.0
581890,Lukas Jensen,Burnley FC,1999-03-18,Goalkeeper,Goalkeeper,right,198.0,,250000.0,0.0,0.0,0.0,0.0,0.0,0.0
582078,Will Dennis,AFC Bournemouth,2000-07-10,Goalkeeper,Goalkeeper,right,188.0,,350000.0,0.0,0.0,0.0,0.0,0.0,0.0
583189,Anthony Elanga,Newcastle United,2002-04-27,Attack,Right Winger,right,178.0,34.0,32000000.0,28.0,0.0,1.0,1107.0,0.0,0.0
583199,James McAtee,Nottingham Forest,2002-10-18,Midfield,Attacking Midfield,left,180.0,24.0,18000000.0,11.0,0.0,1.0,222.0,1.0,0.0
583255,Antoine Semenyo,Manchester City,2000-01-07,Attack,Right Winger,right,185.0,38.0,80000000.0,33.0,14.0,2.0,2845.0,6.0,0.0
583258,Shane Flynn,Leicester City,2001-10-14,Defender,Left-Back,,,,,0.0,0.0,0.0,0.0,0.0,0.0
583952,James Sweet,Arsenal FC,2003-11-03,Defender,Right-Back,right,180.0,,250000.0,0.0,0.0,0.0,0.0,0.0,0.0
583953,Oliver Ewing,Leicester City,2003-01-03,Midfield,Central Midfield,,,,,0.0,0.0,0.0,0.0,0.0,0.0
583990,Owen Bevan,AFC Bournemouth,2003-10-26,Defender,Centre-Back,right,186.0,5.0,,0.0,0.0,0.0,0.0,0.0,0.0
584769,Dwight McNeil,Everton FC,1999-11-22,Attack,Left Winger,left,183.0,10.0,18000000.0,21.0,0.0,1.0,1150.0,1.0,0.0
585323,Filip Jørgensen,Chelsea FC,2002-04-16,Goalkeeper,Goalkeeper,right,192.0,2.0,15000000.0,5.0,0.0,0.0,378.0,0.0,0.0
585550,Gavin Bazunu,Southampton FC,2002-02-20,Goalkeeper,Goalkeeper,right,188.0,22.0,8000000.0,0.0,0.0,0.0,0.0,0.0,0.0
585769,George Campbell,West Bromwich Albion,2001-06-22,Defender,Centre-Back,right,188.0,1.0,2000000.0,0.0,0.0,0.0,0.0,0.0,0.0
586980,Alex Kirk,Arsenal FC,2002-10-27,Defender,Centre-Back,,,,150000.0,0.0,0.0,0.0,0.0,0.0,0.0
586982,Levi Laing,West Ham United,2003-04-12,Defender,Centre-Back,right,188.0,,150000.0,0.0,0.0,0.0,0.0,0.0,0.0
587002,Myles Peart-Harris,Brentford FC,2002-09-18,Midfield,Attacking Midfield,right,187.0,0.0,900000.0,1.0,0.0,0.0,1.0,0.0,0.0
587003,Lewis Bate,Leeds United,2002-10-28,Midfield,Central Midfield,left,170.0,,1200000.0,0.0,0.0,0.0,0.0,0.0,0.0
587018,Hubert Graczyk,Manchester United,2003-02-28,Goalkeeper,Goalkeeper,right,187.0,0.0,,0.0,0.0,0.0,0.0,0.0,0.0
587222,Aune Heggebø,West Bromwich Albion,2001-07-29,Attack,Centre-Forward,left,185.0,2.0,7000000.0,0.0,0.0,0.0,0.0,0.0,0.0
591949,Aaron Hickey,Brentford FC,2002-06-10,Defender,Right-Back,both,185.0,22.0,16000000.0,18.0,0.0,0.0,666.0,0.0,0.0
592988,Cheikh Diaby,West Bromwich Albion,2000-03-07,Attack,Centre-Forward,right,,,,0.0,0.0,0.0,0.0,0.0,0.0
594721,Melkamu Frauendorf,Liverpool FC,2004-01-12,Midfield,Attacking Midfield,right,180.0,,,0.0,0.0,0.0,0.0,0.0,0.0
595809,Beto,Everton FC,1998-01-31,Attack,Centre-Forward,right,194.0,10.0,18000000.0,33.0,8.0,1.0,1298.0,2.0,0.0
596216,Max Haygarth,Brentford FC,2002-01-21,Attack,Left Winger,left,175.0,,50000.0,0.0,0.0,0.0,0.0,0.0,0.0
596217,Mark Helm,Burnley FC,2001-10-21,Midfield,Central Midfield,right,173.0,,225000.0,0.0,0.0,0.0,0.0,0.0,0.0
596446,Leif Davis,Ipswich Town,1999-12-31,Defender,Left-Back,left,182.0,,20000000.0,0.0,0.0,0.0,0.0,0.0,0.0
598577,Florian Wirtz,Liverpool FC,2003-05-03,Midfield,Attacking Midfield,right,177.0,45.0,100000000.0,30.0,5.0,4.0,2139.0,1.0,0.0
598958,Max Thompson,Burnley FC,2002-02-09,Attack,Right Winger,right,182.0,,,0.0,0.0,0.0,0.0,0.0,0.0
599739,Xavier Simons,Chelsea FC,2003-02-20,Midfield,Defensive Midfield,right,180.0,,500000.0,0.0,0.0,0.0,0.0,0.0,0.0
601883,Matheus Nunes,Manchester City,1998-08-27,Defender,Right-Back,right,183.0,21.0,50000000.0,32.0,1.0,7.0,2756.0,5.0,0.0
605184,Jean-Clair Todibo,West Ham United,1999-12-30,Defender,Centre-Back,right,190.0,2.0,22000000.0,21.0,0.0,1.0,1692.0,5.0,0.0
605426,Melker Ellborg,Sunderland AFC,2003-05-22,Goalkeeper,Goalkeeper,right,191.0,0.0,3000000.0,3.0,0.0,0.0,270.0,0.0,0.0
605498,Sebastian Soto,Norwich City,2000-07-28,Attack,Centre-Forward,right,183.0,,350000.0,0.0,0.0,0.0,0.0,0.0,0.0
606576,Denis Franchi,Burnley FC,2002-10-22,Goalkeeper,Goalkeeper,right,189.0,,250000.0,0.0,0.0,0.0,0.0,0.0,0.0
606718,Toti,Wolverhampton Wanderers,1999-01-16,Defender,Centre-Back,left,187.0,2.0,18000000.0,15.0,0.0,0.0,1108.0,1.0,0.0
607223,Rayan Cherki,Manchester City,2003-08-17,Midfield,Attacking Midfield,both,177.0,12.0,90000000.0,31.0,3.0,12.0,1715.0,1.0,0.0
607224,Hannibal,Burnley FC,2003-01-21,Midfield,Attacking Midfield,right,177.0,48.0,15000000.0,24.0,1.0,4.0,1020.0,10.0,0.0
607226,Loum Tchaouna,Burnley FC,2003-09-08,Attack,Right Winger,left,180.0,10.0,13000000.0,26.0,2.0,1.0,1222.0,1.0,0.0
608175,Alfie Doughty,Luton Town,1999-12-21,Midfield,Left Midfield,left,183.0,,10000000.0,0.0,0.0,0.0,0.0,0.0,0.0
608832,Merlin Röhl,Everton FC,2002-07-05,Midfield,Attacking Midfield,right,192.0,13.0,16000000.0,15.0,1.0,0.0,654.0,0.0,0.0
609556,William Osula,Newcastle United,2003-08-04,Attack,Centre-Forward,right,191.0,2.0,28000000.0,20.0,6.0,0.0,681.0,0.0,0.0
609883,Luke Mbete,Manchester City,2003-09-18,Defender,Centre-Back,left,185.0,,2000000.0,0.0,0.0,0.0,0.0,0.0,0.0
609887,Alex Robertson,Manchester City,2003-04-17,Midfield,Central Midfield,right,182.0,,500000.0,0.0,0.0,0.0,0.0,0.0,0.0
610581,Ali Al-Hamadi,Luton Town,2002-03-01,Attack,Centre-Forward,right,187.0,22.0,1500000.0,0.0,0.0,0.0,0.0,0.0,0.0
610621,James Morris,Watford FC,2001-11-23,Defender,Left-Back,left,183.0,,300000.0,0.0,0.0,0.0,0.0,0.0,0.0
610653,Ethan Fitzhugh,Leicester City,2002-11-27,Midfield,Attacking Midfield,,,,,0.0,0.0,0.0,0.0,0.0,0.0
610665,Caleb Watts,Southampton FC,2002-01-16,Midfield,Attacking Midfield,right,,,250000.0,0.0,0.0,0.0,0.0,0.0,0.0
610706,Jamal Baptiste,West Ham United,2003-11-11,Defender,Centre-Back,,,,250000.0,0.0,0.0,0.0,0.0,0.0,0.0
610786,Ollie O'Neill,Fulham FC,2003-01-08,Attack,Left Winger,,,,250000.0,0.0,0.0,0.0,0.0,0.0,0.0
610789,Luciano D'Auria-Henry,Fulham FC,2002-11-11,Defender,Right-Back,right,174.0,,150000.0,0.0,0.0,0.0,0.0,0.0,0.0
610849,Liam Delap,Chelsea FC,2003-02-08,Attack,Centre-Forward,right,186.0,12.0,28000000.0,25.0,1.0,1.0,1008.0,4.0,0.0
610863,Filip Marschall,Aston Villa,2003-04-24,Goalkeeper,Goalkeeper,right,195.0,,800000.0,0.0,0.0,0.0,0.0,0.0,0.0
611650,Sam Woods,Crystal Palace,1998-09-11,Defender,Centre-Back,right,185.0,,200000.0,0.0,0.0,0.0,0.0,0.0,0.0
611651,Giovanni McGregor,Crystal Palace,1999-01-09,Midfield,Attacking Midfield,,176.0,,,0.0,0.0,0.0,0.0,0.0,0.0
611793,James Hill,AFC Bournemouth,2002-01-10,Defender,Centre-Back,right,184.0,1.0,23000000.0,25.0,0.0,3.0,1950.0,4.0,0.0
612517,Bashir Humphreys,Burnley FC,2003-03-15,Defender,Centre-Back,left,186.0,5.0,12000000.0,20.0,0.0,2.0,1578.0,6.0,0.0
612748,Rico Richards,West Bromwich Albion,2003-09-27,Midfield,Attacking Midfield,left,182.0,,150000.0,0.0,0.0,0.0,0.0,0.0,0.0
612749,Isaac Price,West Bromwich Albion,2003-09-26,Midfield,Central Midfield,right,188.0,32.0,12000000.0,0.0,0.0,0.0,0.0,0.0,0.0
614082,Liam McCarron,Leeds United,2001-03-07,Defender,Left-Back,left,175.0,,250000.0,0.0,0.0,0.0,0.0,0.0,0.0
614084,Luke Matheson,Wolverhampton Wanderers,2002-10-03,Defender,Right-Back,right,168.0,,300000.0,0.0,0.0,0.0,0.0,0.0,0.0
614258,Levi Colwill,Chelsea FC,2003-02-26,Defender,Centre-Back,left,187.0,5.0,50000000.0,3.0,0.0,0.0,225.0,0.0,0.0
614261,Diamond Edwards,Southampton FC,2003-09-18,Midfield,Attacking Midfield,,,,150000.0,0.0,0.0,0.0,0.0,0.0,0.0
614262,Charlie McNeill,Manchester United,2003-09-09,Attack,Centre-Forward,right,181.0,,200000.0,0.0,0.0,0.0,0.0,0.0,0.0
614603,Chem Campbell,Wolverhampton Wanderers,2002-12-30,Midfield,Attacking Midfield,right,180.0,5.0,1000000.0,0.0,0.0,0.0,0.0,0.0,0.0
614700,Dara Costelloe,Burnley FC,2002-12-11,Attack,Left Winger,left,175.0,,325000.0,0.0,0.0,0.0,0.0,0.0,0.0
614811,Joe White,Newcastle United,2002-10-01,Midfield,Attacking Midfield,left,186.0,3.0,200000.0,0.0,0.0,0.0,0.0,0.0,0.0
614826,Toby King,West Bromwich Albion,2002-01-04,Midfield,Central Midfield,,,,10000.0,0.0,0.0,0.0,0.0,0.0,0.0
615302,Mirko Topić,Norwich City,2001-02-05,Midfield,Defensive Midfield,right,190.0,4.0,4000000.0,0.0,0.0,0.0,0.0,0.0,0.0
617018,Marko Stamenić,Swansea City,2002-02-19,Midfield,Central Midfield,right,188.0,41.0,3000000.0,0.0,0.0,0.0,0.0,0.0,0.0
617755,Jenson Seelt,Sunderland AFC,2003-05-23,Defender,Centre-Back,right,195.0,,5000000.0,0.0,0.0,0.0,0.0,0.0,0.0
618495,James Norris,Liverpool FC,2003-04-04,Defender,Left-Back,left,172.0,4.0,175000.0,0.0,0.0,0.0,0.0,0.0,0.0
618901,Sam McCallum,Norwich City,2000-09-02,Defender,Left-Back,left,177.0,,1800000.0,0.0,0.0,0.0,0.0,0.0,0.0
620322,Malo Gusto,Chelsea FC,2003-05-19,Defender,Right-Back,right,178.0,15.0,35000000.0,31.0,2.0,3.0,2098.0,3.0,0.0
620362,Dermot Mee,Manchester United,2002-11-20,Goalkeeper,Goalkeeper,right,183.0,4.0,200000.0,0.0,0.0,0.0,0.0,0.0,0.0
621193,Kasey McAteer,Ipswich Town,2001-11-22,Midfield,Right Midfield,right,177.0,8.0,10000000.0,0.0,0.0,0.0,0.0,0.0,0.0
621997,Cieran Slicker,Ipswich Town,2002-09-15,Goalkeeper,Goalkeeper,,191.0,1.0,350000.0,0.0,0.0,0.0,0.0,0.0,0.0
623570,Iliman Ndiaye,Everton FC,2000-03-06,Attack,Right Winger,right,180.0,43.0,55000000.0,28.0,4.0,3.0,2455.0,2.0,0.0
624258,Conor Bradley,Liverpool FC,2003-07-09,Defender,Right-Back,right,181.0,30.0,25000000.0,14.0,0.0,2.0,923.0,4.0,0.0
624264,Charlie Allen,Leeds United,2003-11-22,Midfield,Central Midfield,,,,,0.0,0.0,0.0,0.0,0.0,0.0
624946,Rumarn Burrell,Queens Park Rangers,2000-12-16,Attack,Centre-Forward,right,184.0,5.0,6000000.0,0.0,0.0,0.0,0.0,0.0,0.0
626291,Lucas De Bolle,Newcastle United,2002-10-22,Midfield,Central Midfield,right,,,150000.0,0.0,0.0,0.0,0.0,0.0,0.0
626474,Rubin Colwill,Cardiff City,2002-04-27,Midfield,Attacking Midfield,right,189.0,10.0,2000000.0,0.0,0.0,0.0,0.0,0.0,0.0
626724,João Pedro,Chelsea FC,2001-09-26,Attack,Centre-Forward,right,186.0,8.0,80000000.0,31.0,13.0,5.0,2342.0,5.0,0.0
626888,Kaine Kesler-Hayden,Aston Villa,2002-10-23,Defender,Right-Back,right,175.0,,2200000.0,0.0,0.0,0.0,0.0,0.0,0.0
627198,Chituru Odunze,Leicester City,2002-10-14,Goalkeeper,Goalkeeper,left,200.0,,,0.0,0.0,0.0,0.0,0.0,0.0
627248,Lewis Dobbin,Aston Villa,2003-01-03,Attack,Left Winger,right,175.0,2.0,7000000.0,0.0,0.0,0.0,0.0,0.0,0.0
627442,Benjamin Sesko,Manchester United,2003-05-31,Attack,Centre-Forward,right,195.0,45.0,75000000.0,27.0,11.0,1.0,1557.0,2.0,0.0
627626,Wilfried Gnonto,Leeds United,2003-11-05,Attack,Right Winger,right,170.0,13.0,16000000.0,19.0,0.0,3.0,330.0,2.0,0.0
628451,Roméo Lavia,Chelsea FC,2004-01-06,Midfield,Defensive Midfield,right,181.0,1.0,22000000.0,12.0,0.0,0.0,377.0,0.0,0.0
633621,Michael Craig,Tottenham Hotspur,2003-04-16,Midfield,Defensive Midfield,right,,,,0.0,0.0,0.0,0.0,0.0,0.0
633652,Calvin Ramsay,Liverpool FC,2003-07-31,Defender,Right-Back,right,177.0,1.0,1500000.0,0.0,0.0,0.0,0.0,0.0,0.0
633659,Matthew Craig,Tottenham Hotspur,2003-04-16,Midfield,Defensive Midfield,,,,,0.0,0.0,0.0,0.0,0.0,0.0
633992,Enzo Le Fée,Sunderland AFC,2000-02-03,Midfield,Central Midfield,right,173.0,1.0,28000000.0,33.0,4.0,6.0,2805.0,5.0,0.0
634706,David Boateng,Crystal Palace,2001-05-08,Defender,Right-Back,right,176.0,,50000.0,0.0,0.0,0.0,0.0,0.0,0.0
638649,Femi Seriki,Sheffield United,2002-04-28,Defender,Right-Back,right,183.0,,300000.0,0.0,0.0,0.0,0.0,0.0,0.0
641441,Ali Koiki,Burnley FC,1999-08-22,Defender,Left-Back,left,187.0,,200000.0,0.0,0.0,0.0,0.0,0.0,0.0
644401,Keane Lewis-Potter,Brentford FC,2001-02-22,Midfield,Left Midfield,right,170.0,4.0,25000000.0,32.0,3.0,3.0,1649.0,1.0,0.0
645686,Lamare Bogarde,Aston Villa,2004-01-05,Midfield,Defensive Midfield,right,185.0,4.0,18000000.0,25.0,0.0,0.0,943.0,4.0,0.0
646209,Alex Gibson-Hammond,Nottingham Forest,2002-11-10,Midfield,Right Midfield,right,178.0,,150000.0,0.0,0.0,0.0,0.0,0.0,0.0
646214,Oliver Hammond,Nottingham Forest,2002-11-13,Midfield,Central Midfield,,179.0,,250000.0,0.0,0.0,0.0,0.0,0.0,0.0
646333,Ben Greenwood,AFC Bournemouth,2003-02-20,Defender,Left-Back,left,170.0,,200000.0,0.0,0.0,0.0,0.0,0.0,0.0
646353,Carl Rushworth,Brighton & Hove Albion,2001-07-02,Goalkeeper,Goalkeeper,left,191.0,1.0,16000000.0,0.0,0.0,0.0,0.0,0.0,0.0
646658,Aaron Ramsey,Burnley FC,2003-01-21,Midfield,Attacking Midfield,right,181.0,0.0,6000000.0,0.0,0.0,0.0,0.0,0.0,0.0
646710,Sil Swinkels,Aston Villa,2004-01-06,Defender,Centre-Back,,190.0,4.0,150000.0,0.0,0.0,0.0,0.0,0.0,0.0
646738,Juan Larios,Southampton FC,2004-01-12,Defender,Left-Back,left,170.0,3.0,2000000.0,0.0,0.0,0.0,0.0,0.0,0.0
646750,Cristhian Mosquera,Arsenal FC,2004-06-27,Defender,Centre-Back,right,191.0,2.0,40000000.0,17.0,0.0,0.0,788.0,4.0,0.0
646991,Robin Roefs,Sunderland AFC,2003-01-17,Goalkeeper,Goalkeeper,left,193.0,1.0,28000000.0,31.0,0.0,0.0,2790.0,3.0,0.0
646997,Jayden Bennetts,Watford FC,2001-06-26,Attack,Left Winger,right,172.0,,75000.0,0.0,0.0,0.0,0.0,0.0,0.0
648032,James Abankwah,Watford FC,2004-01-16,Defender,Centre-Back,right,188.0,4.0,3500000.0,0.0,0.0,0.0,0.0,0.0,0.0
648195,Enzo Fernández,Chelsea FC,2001-01-17,Midfield,Central Midfield,right,178.0,46.0,90000000.0,32.0,8.0,3.0,2772.0,10.0,0.0
648699,Brennan Camp,AFC Bournemouth,2000-10-12,Defender,Right-Back,right,181.0,,100000.0,0.0,0.0,0.0,0.0,0.0,0.0
649452,Issa Kaboré,Manchester City,2001-05-12,Defender,Right-Back,right,180.0,52.0,4000000.0,0.0,0.0,0.0,0.0,0.0,0.0
652635,Luke Butterfield,Everton FC,2003-09-29,Midfield,Defensive Midfield,right,189.0,5.0,,0.0,0.0,0.0,0.0,0.0,0.0
652797,Micah Hamilton,Manchester City,2003-11-13,Attack,Left Winger,right,177.0,,2000000.0,0.0,0.0,0.0,0.0,0.0,0.0
652979,Lewis Warrington,Everton FC,2002-10-10,Midfield,Central Midfield,right,182.0,,500000.0,0.0,0.0,0.0,0.0,0.0,0.0
654177,Mamadou Sylla,Aston Villa,2003-01-26,Midfield,Central Midfield,,179.0,,150000.0,0.0,0.0,0.0,0.0,0.0,0.0
654253,Toby Collyer,Manchester United,2004-01-03,Midfield,Defensive Midfield,right,180.0,3.0,5000000.0,0.0,0.0,0.0,0.0,0.0,0.0
654412,Abdoullah Ba,Sunderland AFC,2003-07-31,Midfield,Right Midfield,right,180.0,6.0,1500000.0,0.0,0.0,0.0,0.0,0.0,0.0
654539,Adrien Truffert,AFC Bournemouth,2001-11-20,Defender,Left-Back,left,176.0,1.0,30000000.0,34.0,1.0,5.0,3020.0,5.0,0.0
655136,Cameron Plain,AFC Bournemouth,2001-09-24,Goalkeeper,Goalkeeper,right,187.0,,100000.0,0.0,0.0,0.0,0.0,0.0,0.0
655142,Euan Pollock,AFC Bournemouth,2002-10-03,Attack,Centre-Forward,,173.0,,,0.0,0.0,0.0,0.0,0.0,0.0
655173,Brooklyn Genesini,AFC Bournemouth,2001-12-12,Defender,Right-Back,right,,,50000.0,0.0,0.0,0.0,0.0,0.0,0.0
655488,Gabriel Martinelli,Arsenal FC,2001-06-18,Attack,Left Winger,right,178.0,27.0,45000000.0,27.0,1.0,4.0,931.0,3.0,0.0
655815,Jadan Raymond,Crystal Palace,2003-10-15,Midfield,Attacking Midfield,,,,200000.0,0.0,0.0,0.0,0.0,0.0,0.0
655835,Christian Saydee,AFC Bournemouth,2002-05-10,Attack,Centre-Forward,right,184.0,,400000.0,0.0,0.0,0.0,0.0,0.0,0.0
655880,Mipo Odubeko,West Ham United,2002-10-21,Attack,Centre-Forward,right,181.0,,350000.0,0.0,0.0,0.0,0.0,0.0,0.0
655986,Reece Welch,Everton FC,2003-09-19,Defender,Centre-Back,,,4.0,250000.0,0.0,0.0,0.0,0.0,0.0,0.0
655990,Tom Hill,Liverpool FC,2002-10-13,Midfield,Central Midfield,right,,,300000.0,0.0,0.0,0.0,0.0,0.0,0.0
656316,Gabriel Slonina,Chelsea FC,2004-05-15,Goalkeeper,Goalkeeper,right,193.0,1.0,3000000.0,0.0,0.0,0.0,0.0,0.0,0.0
657724,Stefan Parkes,Fulham FC,2004-03-28,Defender,Left-Back,,,,150000.0,0.0,0.0,0.0,0.0,0.0,0.0
657817,Benicio Baker-Boaitey,Brighton & Hove Albion,2004-01-09,Attack,Left Winger,left,,,400000.0,0.0,0.0,0.0,0.0,0.0,0.0
657863,Lewis Richardson,Burnley FC,2003-02-07,Midfield,Attacking Midfield,right,178.0,,200000.0,0.0,0.0,0.0,0.0,0.0,0.0
657994,Aaron Rowe,Huddersfield Town,2000-09-07,Defender,Right-Back,right,,,150000.0,0.0,0.0,0.0,0.0,0.0,0.0
658536,Simon Adingra,Sunderland AFC,2002-01-01,Attack,Left Winger,right,175.0,30.0,22000000.0,10.0,1.0,0.0,425.0,1.0,0.0
659331,John-Kymani Gordon,Crystal Palace,2003-02-13,Attack,Left Winger,right,181.0,,200000.0,0.0,0.0,0.0,0.0,0.0,0.0
659813,Piero Hincapié,Arsenal FC,2002-01-09,Defender,Centre-Back,left,183.0,56.0,50000000.0,25.0,1.0,2.0,1792.0,2.0,0.0
660768,Max Thompson,Newcastle United,2004-08-01,Goalkeeper,Goalkeeper,right,188.0,2.0,,0.0,0.0,0.0,0.0,0.0,0.0
661053,Jarrad Branthwaite,Everton FC,2002-06-27,Defender,Centre-Back,left,195.0,1.0,40000000.0,10.0,1.0,1.0,681.0,1.0,0.0
661207,Oscar Bobb,Manchester City,2003-07-12,Attack,Right Winger,left,177.0,25.0,28000000.0,20.0,0.0,0.0,782.0,1.0,0.0
661208,Leo Hjelde,Sunderland AFC,2003-08-26,Defender,Centre-Back,left,190.0,21.0,1500000.0,0.0,0.0,0.0,0.0,0.0,0.0
661253,Hector Kyprianou,Watford FC,2001-05-27,Midfield,Defensive Midfield,right,189.0,12.0,1500000.0,0.0,0.0,0.0,0.0,0.0,0.0
661427,David Møller Wolfe,Wolverhampton Wanderers,2002-04-23,Defender,Left-Back,left,185.0,26.0,8000000.0,19.0,0.0,1.0,916.0,1.0,0.0
662744,Vicente Reyes,Norwich City,2003-11-19,Goalkeeper,Goalkeeper,right,196.0,0.0,350000.0,0.0,0.0,0.0,0.0,0.0,0.0
663225,Tyler Onyango,Everton FC,2003-03-04,Midfield,Central Midfield,right,196.0,0.0,350000.0,0.0,0.0,0.0,0.0,0.0,0.0
663264,Darko Gyabi,Leeds United,2004-02-18,Midfield,Central Midfield,right,196.0,,2000000.0,0.0,0.0,0.0,0.0,0.0,0.0
665390,Jaden Philogene,Aston Villa,2002-02-08,Attack,Left Winger,right,181.0,9.0,18000000.0,0.0,0.0,0.0,0.0,0.0,0.0
667121,Rodrigo Gomes,Wolverhampton Wanderers,2003-07-07,Midfield,Left Midfield,right,175.0,15.0,15000000.0,19.0,2.0,0.0,838.0,0.0,0.0
667287,Yasin Ayari,Brighton & Hove Albion,2003-10-06,Midfield,Central Midfield,right,172.0,25.0,35000000.0,25.0,3.0,3.0,1652.0,1.0,0.0
667490,Ronnie Hollingshead,Aston Villa,2004-09-09,Goalkeeper,Goalkeeper,right,188.0,2.0,,0.0,0.0,0.0,0.0,0.0,0.0
667498,Ben Hammond,Nottingham Forest,2004-10-02,Midfield,Central Midfield,right,180.0,6.0,,0.0,0.0,0.0,0.0,0.0,0.0
667508,Chris Popov,Leicester City,2004-10-26,Attack,Centre-Forward,left,170.0,17.0,75000.0,0.0,0.0,0.0,0.0,0.0,0.0
667925,Sebastian Revan,Aston Villa,2003-07-14,Defender,Left-Back,left,181.0,,350000.0,0.0,0.0,0.0,0.0,0.0,0.0
668557,Maksym Taloverov,Stoke City,2000-06-28,Defender,Centre-Back,right,196.0,8.0,2000000.0,0.0,0.0,0.0,0.0,0.0,0.0
669366,Tom Cannon,Leicester City,2002-12-28,Attack,Centre-Forward,right,180.0,2.0,8000000.0,0.0,0.0,0.0,0.0,0.0,0.0
670558,Harvey Griffiths,Wolverhampton Wanderers,2003-09-22,Midfield,Defensive Midfield,,190.0,,150000.0,0.0,0.0,0.0,0.0,0.0,0.0
670688,Youssef Chermiti,Everton FC,2004-05-24,Attack,Centre-Forward,right,192.0,8.0,15000000.0,0.0,0.0,0.0,0.0,0.0,0.0
670717,Dário Essugo,Chelsea FC,2005-03-14,Midfield,Defensive Midfield,right,178.0,8.0,15000000.0,3.0,0.0,0.0,26.0,2.0,0.0
670840,Joe Whitworth,Crystal Palace,2004-02-29,Goalkeeper,Goalkeeper,right,179.0,0.0,1700000.0,0.0,0.0,0.0,0.0,0.0,0.0
670843,Isaac Mabaya,Liverpool FC,2004-09-22,Defender,Right-Back,right,186.0,0.0,,0.0,0.0,0.0,0.0,0.0,0.0
670848,Divin Mubama,Manchester City,2004-10-25,Attack,Centre-Forward,left,183.0,5.0,6000000.0,0.0,0.0,0.0,0.0,0.0,0.0
670850,Alex Matos,Chelsea FC,2004-10-03,Midfield,Central Midfield,right,175.0,,1200000.0,0.0,0.0,0.0,0.0,0.0,0.0
670858,Lewis Hall,Newcastle United,2004-09-08,Defender,Left-Back,left,179.0,4.0,40000000.0,28.0,1.0,1.0,2137.0,5.0,0.0
670859,Antwoine Hackford,Sheffield United,2004-03-20,Attack,Centre-Forward,right,177.0,,500000.0,0.0,0.0,0.0,0.0,0.0,0.0
670860,James Beadle,Brighton & Hove Albion,2004-07-16,Goalkeeper,Goalkeeper,right,201.0,16.0,6000000.0,0.0,0.0,0.0,0.0,0.0,0.0
670861,Luke Chambers,Liverpool FC,2004-06-24,Defender,Centre-Back,left,181.0,,1500000.0,0.0,0.0,0.0,0.0,0.0,0.0
670877,Sonny Perkins,Leeds United,2004-02-10,Attack,Centre-Forward,left,178.0,,1200000.0,0.0,0.0,0.0,0.0,0.0,0.0
670878,Jacob Knightbridge,West Ham United,2004-01-25,Goalkeeper,Goalkeeper,,,,,0.0,0.0,0.0,0.0,0.0,0.0
670882,Jamie Gittens,Chelsea FC,2004-08-08,Attack,Left Winger,right,178.0,16.0,30000000.0,12.0,0.0,2.0,345.0,0.0,0.0
670988,Wanya Marçal,Leicester City,2002-10-19,Midfield,Central Midfield,right,181.0,,300000.0,0.0,0.0,0.0,0.0,0.0,0.0
671074,Caleb Taylor,West Bromwich Albion,2003-01-14,Defender,Centre-Back,right,188.0,,900000.0,0.0,0.0,0.0,0.0,0.0,0.0
671108,Kota Takai,Tottenham Hotspur,2004-09-04,Defender,Centre-Back,right,192.0,4.0,5000000.0,0.0,0.0,0.0,0.0,0.0,0.0
673492,Morato,Nottingham Forest,2001-06-30,Defender,Centre-Back,left,192.0,0.0,14000000.0,20.0,1.0,0.0,1251.0,5.0,0.0
674054,Leo Walta,Swansea City,2003-06-24,Midfield,Attacking Midfield,right,170.0,14.0,3000000.0,0.0,0.0,0.0,0.0,0.0,0.0
677311,Anthony Mancini,Burnley FC,2001-04-06,Midfield,Central Midfield,left,180.0,,150000.0,0.0,0.0,0.0,0.0,0.0,0.0
680531,Sam Silvera,Middlesbrough FC,2000-10-25,Attack,Left Winger,right,179.0,8.0,1500000.0,0.0,0.0,0.0,0.0,0.0,0.0
680806,Samuel Edozie,Southampton FC,2003-01-28,Attack,Left Winger,right,181.0,0.0,5000000.0,0.0,0.0,0.0,0.0,0.0,0.0
681615,Jimi Tauriainen,Chelsea FC,2004-03-08,Midfield,Central Midfield,left,188.0,,200000.0,0.0,0.0,0.0,0.0,0.0,0.0
683620,Antoni Milambo,Brentford FC,2005-04-03,Midfield,Attacking Midfield,right,179.0,8.0,15000000.0,0.0,0.0,0.0,0.0,0.0,0.0
684210,Jaidon Anthony,Burnley FC,1999-12-01,Attack,Left Winger,right,183.0,,20000000.0,34.0,6.0,3.0,2470.0,3.0,0.0
686837,Charlie Savage,Manchester United,2003-05-02,Midfield,Defensive Midfield,left,182.0,,600000.0,0.0,0.0,0.0,0.0,0.0,0.0
687626,Moisés Caicedo,Chelsea FC,2001-11-02,Midfield,Defensive Midfield,right,178.0,65.0,100000000.0,29.0,1.0,1.0,2442.0,10.0,0.0
689637,Chadi Riad,Crystal Palace,2003-06-17,Defender,Centre-Back,left,186.0,10.0,15000000.0,9.0,0.0,1.0,554.0,2.0,0.0
693066,Kamarai Swyer,West Ham United,2002-12-04,Midfield,Attacking Midfield,,,,250000.0,0.0,0.0,0.0,0.0,0.0,0.0
693095,Jacob Greaves,Ipswich Town,2000-09-12,Defender,Centre-Back,left,193.0,,16000000.0,0.0,0.0,0.0,0.0,0.0,0.0
696181,Romaine Mundle,Sunderland AFC,2003-04-24,Attack,Left Winger,right,172.0,,7000000.0,14.0,0.0,0.0,401.0,1.0,0.0
696183,Kallum Cesay,Tottenham Hotspur,2002-09-04,Defender,Right-Back,right,,,,0.0,0.0,0.0,0.0,0.0,0.0
696326,Max Woltman,Liverpool FC,2003-08-20,Attack,Centre-Forward,,,,300000.0,0.0,0.0,0.0,0.0,0.0,0.0
696346,Jay Stansfield,Fulham FC,2002-11-24,Attack,Centre-Forward,right,187.0,9.0,18000000.0,0.0,0.0,0.0,0.0,0.0,0.0
696589,Tim Iroegbunam,Everton FC,2003-06-30,Midfield,Central Midfield,right,183.0,7.0,18000000.0,25.0,0.0,3.0,1264.0,6.0,0.0
697280,George Earthy,West Ham United,2004-09-05,Midfield,Attacking Midfield,right,180.0,2.0,1000000.0,1.0,0.0,0.0,8.0,0.0,0.0
697282,Zach Awe,Arsenal FC,2004-01-09,Defender,Centre-Back,right,192.0,,,0.0,0.0,0.0,0.0,0.0,0.0
698097,Hayden Lindley,Aston Villa,2002-09-02,Midfield,Defensive Midfield,right,178.0,,150000.0,0.0,0.0,0.0,0.0,0.0,0.0
698151,Michael Ndiweni,Newcastle United,2003-12-02,Attack,Centre-Forward,right,,,200000.0,0.0,0.0,0.0,0.0,0.0,0.0
698164,Freddie Potts,West Ham United,2003-09-12,Midfield,Defensive Midfield,right,183.0,,10000000.0,21.0,0.0,1.0,1122.0,1.0,0.0
698415,José Córdoba,Norwich City,2001-06-03,Defender,Centre-Back,left,189.0,33.0,5000000.0,0.0,0.0,0.0,0.0,0.0,0.0
698637,Arjan Raikhy,Aston Villa,2002-10-20,Midfield,Central Midfield,,,,150000.0,0.0,0.0,0.0,0.0,0.0,0.0
698678,Hugo Bueno,Wolverhampton Wanderers,2002-09-18,Defender,Left-Back,left,180.0,8.0,12000000.0,31.0,1.0,2.0,2138.0,2.0,0.0
700461,Alfie Brooks,Wolverhampton Wanderers,2003-10-15,Goalkeeper,Goalkeeper,,,,,0.0,0.0,0.0,0.0,0.0,0.0
701006,Michael Forbes,West Ham United,2004-04-29,Defender,Centre-Back,,188.0,,,0.0,0.0,0.0,0.0,0.0,0.0
701021,Ruairi McConville,Norwich City,2005-05-01,Defender,Centre-Back,right,193.0,12.0,3000000.0,0.0,0.0,0.0,0.0,0.0,0.0
701057,Rico Lewis,Manchester City,2004-11-21,Defender,Right-Back,right,170.0,13.0,28000000.0,8.0,0.0,0.0,241.0,2.0,0.0
703474,Robert Street,Crystal Palace,2001-09-26,Attack,Centre-Forward,right,189.0,,200000.0,0.0,0.0,0.0,0.0,0.0,0.0
703577,Kgaogelo Chauke,Southampton FC,2003-01-08,Midfield,Central Midfield,right,177.0,,250000.0,0.0,0.0,0.0,0.0,0.0,0.0
703626,Cameron Peupion,Brighton & Hove Albion,2002-09-23,Attack,Left Winger,right,175.0,12.0,350000.0,0.0,0.0,0.0,0.0,0.0,0.0
704801,Joe McGlynn,Burnley FC,2002-09-27,Attack,Centre-Forward,,,,,0.0,0.0,0.0,0.0,0.0,0.0
706815,Harvey Davies,Liverpool FC,2003-09-03,Goalkeeper,Goalkeeper,left,190.0,2.0,500000.0,0.0,0.0,0.0,0.0,0.0,0.0
706822,Roshaun Mathurin,Crystal Palace,2004-01-23,Attack,Right Winger,,,,,0.0,0.0,0.0,0.0,0.0,0.0
706889,Jaydon Banel,Burnley FC,2004-10-19,Attack,Left Winger,right,173.0,0.0,1000000.0,1.0,0.0,0.0,9.0,0.0,0.0
706968,Ji-sung Eom,Swansea City,2002-05-09,Attack,Left Winger,right,177.0,11.0,1800000.0,0.0,0.0,0.0,0.0,0.0,0.0
707164,Harvey Blair,Liverpool FC,2003-09-14,Attack,Right Winger,right,,,300000.0,0.0,0.0,0.0,0.0,0.0,0.0
708072,Nicolò Savona,Nottingham Forest,2003-03-19,Defender,Right-Back,right,192.0,0.0,15000000.0,13.0,2.0,0.0,973.0,2.0,0.0
709726,Hugo Ekitiké,Liverpool FC,2002-06-20,Attack,Centre-Forward,right,190.0,8.0,80000000.0,25.0,9.0,3.0,1580.0,0.0,0.0
709960,Marc Jurado,Manchester United,2004-04-13,Defender,Right-Back,right,178.0,,100000.0,0.0,0.0,0.0,0.0,0.0,0.0
711247,Kwadwo Baah,Watford FC,2003-01-27,Attack,Left Winger,right,182.0,,300000.0,0.0,0.0,0.0,0.0,0.0,0.0
711337,Evanilson,AFC Bournemouth,1999-10-06,Attack,Centre-Forward,both,183.0,2.0,35000000.0,32.0,5.0,2.0,2413.0,1.0,0.0
711544,Jake O'Brien,Everton FC,2001-05-15,Defender,Right-Back,right,197.0,17.0,18000000.0,33.0,1.0,1.0,2764.0,6.0,0.0
711999,Lesley Ugochukwu,Burnley FC,2004-03-26,Midfield,Defensive Midfield,right,190.0,12.0,22000000.0,32.0,3.0,2.0,2179.0,1.0,0.0
712115,James Huntley,Newcastle United,2004-03-02,Midfield,Central Midfield,,,,100000.0,0.0,0.0,0.0,0.0,0.0,0.0
712181,James Wright,Aston Villa,2004-12-02,Goalkeeper,Goalkeeper,right,188.0,,200000.0,0.0,0.0,0.0,0.0,0.0,0.0
714458,Ben Nelson,Leicester City,2004-03-18,Defender,Centre-Back,right,193.0,0.0,600000.0,0.0,0.0,0.0,0.0,0.0,0.0
715558,Marcelino Núñez,Ipswich Town,2000-03-01,Midfield,Central Midfield,right,173.0,33.0,14000000.0,0.0,0.0,0.0,0.0,0.0,0.0
716276,Yerson Mosquera,Wolverhampton Wanderers,2001-05-02,Defender,Centre-Back,right,188.0,4.0,12000000.0,26.0,0.0,0.0,2077.0,12.0,0.0
717411,Yegor Yarmolyuk,Brentford FC,2004-03-01,Midfield,Central Midfield,right,180.0,9.0,32000000.0,33.0,1.0,2.0,2318.0,6.0,0.0
718250,Ethan Brierley,Brentford FC,2003-11-23,Midfield,Central Midfield,,168.0,,300000.0,0.0,0.0,0.0,0.0,0.0,0.0
719673,Ben Gannon-Doak,Liverpool FC,2005-11-11,Attack,Right Winger,right,173.0,17.0,15000000.0,8.0,0.0,1.0,105.0,0.0,0.0
719681,Jeremiah Chilokoa-Mullen,Leeds United,2004-06-17,Defender,Centre-Back,,,,,0.0,0.0,0.0,0.0,0.0,0.0
720720,Sean McAllister,Everton FC,2002-09-15,Midfield,Attacking Midfield,right,179.0,,,0.0,0.0,0.0,0.0,0.0,0.0
724041,Enock Agyei,Burnley FC,2005-01-13,Attack,Right Winger,left,172.0,6.0,800000.0,0.0,0.0,0.0,0.0,0.0,0.0
724529,Tayo Adaramola,Crystal Palace,2003-11-14,Defender,Left-Back,left,177.0,,800000.0,0.0,0.0,0.0,0.0,0.0,0.0
724530,Leigh Kavanagh,Brighton & Hove Albion,2003-12-27,Defender,Centre-Back,right,189.0,,200000.0,0.0,0.0,0.0,0.0,0.0,0.0
724536,Josh Keeley,Luton Town,2003-05-17,Goalkeeper,Goalkeeper,right,191.0,1.0,800000.0,0.0,0.0,0.0,0.0,0.0,0.0
724540,Bosun Lawal,Stoke City,2003-05-30,Defender,Centre-Back,right,190.0,1.0,3000000.0,0.0,0.0,0.0,0.0,0.0,0.0
724783,Tawanda Chirewa,Wolverhampton Wanderers,2003-10-12,Midfield,Attacking Midfield,right,181.0,16.0,450000.0,2.0,0.0,0.0,25.0,0.0,0.0
724785,Liam Gibbs,Norwich City,2002-12-16,Midfield,Central Midfield,,,,2800000.0,0.0,0.0,0.0,0.0,0.0,0.0
725912,Antonín Kinský,Tottenham Hotspur,2003-03-13,Goalkeeper,Goalkeeper,right,190.0,0.0,15000000.0,7.0,0.0,0.0,630.0,0.0,0.0
726992,Charlie Whitaker,Everton FC,2003-09-16,Midfield,Attacking Midfield,,,,,0.0,0.0,0.0,0.0,0.0,0.0
727089,Noah Sadiki,Sunderland AFC,2004-12-17,Midfield,Central Midfield,right,165.0,24.0,35000000.0,29.0,0.0,1.0,2542.0,9.0,0.0
729264,Welington,Southampton FC,2001-02-19,Defender,Left-Back,left,170.0,1.0,3000000.0,0.0,0.0,0.0,0.0,0.0,0.0
730861,Milos Kerkez,Liverpool FC,2003-11-07,Defender,Left-Back,left,180.0,32.0,35000000.0,31.0,2.0,1.0,2021.0,3.0,0.0
730893,Tyrick Mitchell,Crystal Palace,1999-09-01,Defender,Left-Back,left,181.0,2.0,25000000.0,34.0,1.0,2.0,2895.0,5.0,0.0
731466,Teddy Sharman-Lowe,Chelsea FC,2003-03-30,Goalkeeper,Goalkeeper,right,189.0,1.0,500000.0,0.0,0.0,0.0,0.0,0.0,0.0
731738,Teddy Rowe,Aston Villa,2003-10-17,Midfield,Central Midfield,right,,,150000.0,0.0,0.0,0.0,0.0,0.0,0.0
732117,Dylan Williams,Chelsea FC,2003-09-13,Defender,Left-Back,left,177.0,,200000.0,0.0,0.0,0.0,0.0,0.0,0.0
732119,Kaide Gordon,Liverpool FC,2004-10-05,Attack,Right Winger,left,173.0,8.0,1200000.0,0.0,0.0,0.0,0.0,0.0,0.0
732165,Ronnie Edwards,Southampton FC,2003-03-28,Defender,Centre-Back,right,185.0,2.0,3800000.0,0.0,0.0,0.0,0.0,0.0,0.0
732529,Tristan Crama,Brentford FC,2001-11-08,Defender,Centre-Back,right,192.0,,100000.0,0.0,0.0,0.0,0.0,0.0,0.0
733308,Amari Miller,Leeds United,2002-11-04,Attack,Left Winger,left,174.0,,,0.0,0.0,0.0,0.0,0.0,0.0
733314,James Carragher,Wigan Athletic,2002-11-11,Defender,Centre-Back,right,192.0,4.0,250000.0,0.0,0.0,0.0,0.0,0.0,0.0
733430,Sam Waller,Burnley FC,2003-09-09,Goalkeeper,Goalkeeper,,187.0,,250000.0,0.0,0.0,0.0,0.0,0.0,0.0
733434,Jack Wadham,AFC Bournemouth,2003-02-25,Missing,,,183.0,,100000.0,0.0,0.0,0.0,0.0,0.0,0.0
733494,Kamil Conteh,Watford FC,2002-12-26,Midfield,Central Midfield,right,177.0,,,0.0,0.0,0.0,0.0,0.0,0.0
733495,Andi Janjeva,Watford FC,2002-10-11,Defender,Centre-Back,right,186.0,,,0.0,0.0,0.0,0.0,0.0,0.0
734375,Jack Jenkins,Leeds United,2002-03-23,Midfield,Defensive Midfield,right,190.0,,150000.0,0.0,0.0,0.0,0.0,0.0,0.0
734425,Michael Olakigbe,Brentford FC,2004-04-25,Attack,Right Winger,,180.0,,600000.0,0.0,0.0,0.0,0.0,0.0,0.0
735570,João Gomes,Wolverhampton Wanderers,2001-02-12,Midfield,Central Midfield,right,176.0,10.0,40000000.0,31.0,1.0,1.0,2475.0,8.0,0.0
735571,Rodrigo Muniz,Fulham FC,2001-05-04,Attack,Centre-Forward,right,186.0,,20000000.0,17.0,0.0,1.0,759.0,1.0,0.0
738269,Dante Cassanova,Tottenham Hotspur,2004-06-21,Defender,Centre-Back,right,,0.0,,0.0,0.0,0.0,0.0,0.0,0.0
739443,Igor Thiago,Brentford FC,2001-06-26,Attack,Centre-Forward,right,190.0,5.0,65000000.0,34.0,20.0,1.0,2945.0,5.0,0.0
741228,Joe O'Brien-Whitmarsh,Southampton FC,2005-05-11,Midfield,Central Midfield,,,4.0,200000.0,0.0,0.0,0.0,0.0,0.0,0.0
741229,Rocco Vata,Watford FC,2005-04-18,Attack,Left Winger,right,184.0,10.0,1800000.0,0.0,0.0,0.0,0.0,0.0,0.0
741236,Matthew Cox,Brentford FC,2003-05-02,Goalkeeper,Goalkeeper,right,183.0,0.0,700000.0,0.0,0.0,0.0,0.0,0.0,0.0
741238,Omari Hutchinson,Nottingham Forest,2003-10-30,Midfield,Attacking Midfield,left,174.0,2.0,30000000.0,29.0,1.0,7.0,1675.0,1.0,0.0
741700,Frankie Ealing,Aston Villa,2004-07-14,Defender,Right-Back,right,,,,0.0,0.0,0.0,0.0,0.0,0.0
742746,Caleb Chukwuemeka,Aston Villa,2002-01-25,Attack,Centre-Forward,,190.0,,200000.0,0.0,0.0,0.0,0.0,0.0,0.0
742943,Michał Rosiak,Arsenal FC,2005-10-12,Defender,Right-Back,right,180.0,1.0,250000.0,0.0,0.0,0.0,0.0,0.0,0.0
743384,Chemsdine Talbi,Sunderland AFC,2005-05-09,Attack,Right Winger,right,175.0,10.0,25000000.0,24.0,4.0,1.0,1256.0,0.0,0.0
743413,Nico O'Reilly,Manchester City,2005-03-21,Defender,Left-Back,left,193.0,10.0,70000000.0,32.0,5.0,3.0,2607.0,4.0,0.0
743414,Lino Sousa,Aston Villa,2005-01-19,Defender,Left-Back,left,185.0,,2000000.0,0.0,0.0,0.0,0.0,0.0,0.0
743498,Wilson Odobert,Tottenham Hotspur,2004-11-28,Attack,Left Winger,right,182.0,16.0,18000000.0,20.0,0.0,2.0,912.0,0.0,0.0
743553,Evan Easton,Sheffield United,2005-01-14,Defender,Centre-Back,both,189.0,,100000.0,0.0,0.0,0.0,0.0,0.0,0.0
743591,Savinho,Manchester City,2004-04-10,Attack,Left Winger,left,176.0,13.0,35000000.0,24.0,1.0,2.0,821.0,2.0,0.0
743600,Andrey Santos,Chelsea FC,2004-05-03,Midfield,Central Midfield,right,180.0,6.0,40000000.0,24.0,1.0,0.0,1207.0,3.0,0.0
744131,Lewis Payne,Southampton FC,2004-05-30,Defender,Right-Back,right,,,200000.0,0.0,0.0,0.0,0.0,0.0,0.0
744149,Adam Wharton,Crystal Palace,2004-02-06,Midfield,Defensive Midfield,left,182.0,4.0,70000000.0,31.0,1.0,5.0,2335.0,4.0,0.0
745181,Soungoutou Magassa,West Ham United,2003-10-08,Midfield,Defensive Midfield,right,190.0,3.0,17000000.0,21.0,1.0,0.0,950.0,4.0,0.0
745452,Devan Tanton,Fulham FC,2004-01-03,Defender,Right-Back,right,175.0,,250000.0,0.0,0.0,0.0,0.0,0.0,0.0
745689,Luca Barrington,Brighton & Hove Albion,2004-12-12,Attack,Left Winger,right,,,150000.0,0.0,0.0,0.0,0.0,0.0,0.0
745692,Joe Snowdon,Leeds United,2004-02-14,Midfield,Central Midfield,,,,,0.0,0.0,0.0,0.0,0.0,0.0
745716,Killian Cahill,Brighton & Hove Albion,2003-11-03,Goalkeeper,Goalkeeper,right,182.0,2.0,175000.0,0.0,0.0,0.0,0.0,0.0,0.0
745846,Mauro Bandeira,Arsenal FC,2003-11-18,Midfield,Central Midfield,right,178.0,,200000.0,0.0,0.0,0.0,0.0,0.0,0.0
745851,Sydie Peck,Sheffield United,2004-09-13,Midfield,Central Midfield,right,173.0,,200000.0,0.0,0.0,0.0,0.0,0.0,0.0
746067,Kris Moore,Leeds United,2003-11-13,Defender,Centre-Back,right,,,,0.0,0.0,0.0,0.0,0.0,0.0
746078,Billy Fewster,Nottingham Forest,2003-07-31,Midfield,Central Midfield,right,178.0,,150000.0,0.0,0.0,0.0,0.0,0.0,0.0
746734,Kyron Gordon,Sheffield United,2002-05-24,Defender,Centre-Back,right,184.0,,250000.0,0.0,0.0,0.0,0.0,0.0,0.0
746739,Andre Brooks,Sheffield United,2003-08-20,Midfield,Central Midfield,left,180.0,,2500000.0,0.0,0.0,0.0,0.0,0.0,0.0
746753,Frankie Maguire,Sheffield United,2003-07-29,Midfield,Central Midfield,,175.0,,,0.0,0.0,0.0,0.0,0.0,0.0
746777,Zak Brunt,Sheffield United,2001-11-17,Midfield,Central Midfield,right,176.0,,250000.0,0.0,0.0,0.0,0.0,0.0,0.0
746778,Harry Boyes,Sheffield United,2001-11-02,Defender,Left-Back,left,,,250000.0,0.0,0.0,0.0,0.0,0.0,0.0
746833,Caleb Wiley,Chelsea FC,2004-12-22,Defender,Left-Back,left,180.0,3.0,8000000.0,0.0,0.0,0.0,0.0,0.0,0.0
747009,Justin Devenny,Crystal Palace,2003-10-11,Midfield,Attacking Midfield,left,184.0,14.0,12000000.0,17.0,1.0,0.0,691.0,0.0,0.0
747153,Dan Gore,Manchester United,2004-09-26,Midfield,Central Midfield,right,170.0,2.0,900000.0,0.0,0.0,0.0,0.0,0.0,0.0
747598,Elijah Campbell,Everton FC,2004-08-02,Defender,Centre-Back,left,186.0,4.0,200000.0,0.0,0.0,0.0,0.0,0.0,0.0
747950,Alfie McNally,Fulham FC,2004-12-22,Goalkeeper,Goalkeeper,,,,,0.0,0.0,0.0,0.0,0.0,0.0
747951,Shea Charles,Southampton FC,2003-11-05,Midfield,Defensive Midfield,right,189.0,35.0,15000000.0,0.0,0.0,0.0,0.0,0.0,0.0
747996,Val Adedokun,Brentford FC,2003-02-14,Defender,Left-Back,left,,,150000.0,0.0,0.0,0.0,0.0,0.0,0.0
748319,Carlos Alcaraz,Everton FC,2002-11-30,Midfield,Central Midfield,right,176.0,0.0,15000000.0,17.0,0.0,1.0,571.0,3.0,0.0
751666,Ty Barnett,Wolverhampton Wanderers,2005-07-19,Attack,Left Winger,,,,150000.0,0.0,0.0,0.0,0.0,0.0,0.0
756591,Samy Chouchane,Brighton & Hove Albion,2003-09-05,Midfield,Central Midfield,right,180.0,,250000.0,0.0,0.0,0.0,0.0,0.0,0.0
763079,Abdukodir Khusanov,Manchester City,2004-02-29,Defender,Centre-Back,right,186.0,30.0,50000000.0,19.0,0.0,0.0,1336.0,1.0,0.0
777308,Zain Silcott-Duberry,AFC Bournemouth,2005-07-09,Midfield,Left Midfield,right,177.0,1.0,200000.0,0.0,0.0,0.0,0.0,0.0,0.0
788283,Bobby Thomas,Burnley FC,2001-01-30,Defender,Centre-Back,right,186.0,,2000000.0,0.0,0.0,0.0,0.0,0.0,0.0
790992,Alfie Gilchrist,Chelsea FC,2003-11-28,Defender,Centre-Back,right,183.0,,5000000.0,0.0,0.0,0.0,0.0,0.0,0.0
794816,Rhys Bennett,Manchester United,2003-10-30,Defender,Centre-Back,right,187.0,,,0.0,0.0,0.0,0.0,0.0,0.0
796024,Jack Henry-Francis,Arsenal FC,2003-09-23,Midfield,Defensive Midfield,right,181.0,1.0,200000.0,0.0,0.0,0.0,0.0,0.0,0.0
796298,Calum Scanlon,Liverpool FC,2005-02-14,Defender,Left-Back,,,,700000.0,0.0,0.0,0.0,0.0,0.0,0.0
796299,Billy Gee,Chelsea FC,2005-07-30,Defender,Centre-Back,right,,,250000.0,0.0,0.0,0.0,0.0,0.0,0.0
796302,Owen Barker,Everton FC,2005-02-23,Midfield,Attacking Midfield,right,173.0,1.0,,0.0,0.0,0.0,0.0,0.0,0.0
796303,Leo Castledine,Chelsea FC,2005-08-20,Midfield,Attacking Midfield,right,175.0,,900000.0,0.0,0.0,0.0,0.0,0.0,0.0
797679,Aaron Keto-Diyawa,Wolverhampton Wanderers,2003-09-11,Defender,Left-Back,,,,200000.0,0.0,0.0,0.0,0.0,0.0,0.0
800176,André,Wolverhampton Wanderers,2001-07-16,Midfield,Defensive Midfield,right,176.0,13.0,25000000.0,31.0,1.0,0.0,2519.0,11.0,0.0
801005,Stanley Mills,Everton FC,2003-10-25,Attack,Right Winger,,180.0,,150000.0,0.0,0.0,0.0,0.0,0.0,0.0
801426,Tommy Conway,Middlesbrough FC,2002-08-06,Attack,Centre-Forward,right,185.0,8.0,14000000.0,0.0,0.0,0.0,0.0,0.0,0.0
801472,Zak Sturge,Chelsea FC,2004-06-15,Defender,Left-Back,left,,,250000.0,0.0,0.0,0.0,0.0,0.0,0.0
801474,Ben Jackson,Brighton & Hove Albion,2003-09-03,Defender,Centre-Back,,190.0,,200000.0,0.0,0.0,0.0,0.0,0.0,0.0
801734,Mathys Tel,Tottenham Hotspur,2005-04-27,Attack,Centre-Forward,right,183.0,20.0,22000000.0,28.0,4.0,1.0,1244.0,1.0,0.0
801989,Tammer Bany,West Bromwich Albion,2003-10-19,Attack,Centre-Forward,right,181.0,1.0,250000.0,0.0,0.0,0.0,0.0,0.0,0.0
802230,Aidan Francis-Clarke,Luton Town,2004-07-02,Defender,Centre-Back,right,181.0,,,0.0,0.0,0.0,0.0,0.0,0.0
807318,Ryan Finnigan,Southampton FC,2003-09-23,Midfield,Central Midfield,,,,250000.0,0.0,0.0,0.0,0.0,0.0,0.0
811779,Alejandro Garnacho,Chelsea FC,2004-07-01,Attack,Left Winger,right,180.0,8.0,28000000.0,23.0,1.0,4.0,1257.0,2.0,0.0
813142,Temple Ojinnaka,Wolverhampton Wanderers,2005-03-30,Defender,Centre-Back,right,191.0,,,0.0,0.0,0.0,0.0,0.0,0.0
814522,Taylor-Jay Hart,Aston Villa,2003-12-18,Midfield,Defensive Midfield,right,179.0,,,0.0,0.0,0.0,0.0,0.0,0.0
814524,Joe Wormleighton,Leicester City,2003-12-30,Defender,Right-Back,right,178.0,,100000.0,0.0,0.0,0.0,0.0,0.0,0.0
814811,Jack Wells-Morrison,Crystal Palace,2004-02-18,Midfield,Central Midfield,left,180.0,,250000.0,0.0,0.0,0.0,0.0,0.0,0.0
816124,Noha Lemina,Wolverhampton Wanderers,2005-06-17,Midfield,Attacking Midfield,right,168.0,,500000.0,0.0,0.0,0.0,0.0,0.0,0.0
817611,Matt Dibley-Dias,Fulham FC,2003-10-29,Midfield,Central Midfield,right,183.0,,500000.0,0.0,0.0,0.0,0.0,0.0,0.0
817612,Luke Harris,Fulham FC,2005-03-04,Midfield,Attacking Midfield,right,177.0,11.0,900000.0,0.0,0.0,0.0,0.0,0.0,0.0
817665,Pablo,West Ham United,2004-01-02,Attack,Centre-Forward,right,184.0,,18000000.0,14.0,0.0,1.0,828.0,0.0,0.0
818237,Tommi O'Reilly,Aston Villa,2003-12-15,Midfield,Attacking Midfield,left,170.0,,200000.0,0.0,0.0,0.0,0.0,0.0,0.0
820374,Kobbie Mainoo,Manchester United,2005-04-19,Midfield,Central Midfield,right,184.0,14.0,70000000.0,27.0,1.0,2.0,1609.0,2.0,0.0
821522,Alfie Pond,Wolverhampton Wanderers,2004-02-17,Defender,Centre-Back,right,191.0,,200000.0,0.0,0.0,0.0,0.0,0.0,0.0
823231,Dango Ouattara,Brentford FC,2002-02-11,Attack,Right Winger,left,177.0,40.0,35000000.0,29.0,6.0,8.0,2091.0,5.0,0.0
823486,Michael Kayode,Brentford FC,2004-07-10,Defender,Right-Back,right,179.0,10.0,40000000.0,33.0,1.0,1.0,2916.0,8.0,0.0
825024,Ronnie Stutter,Chelsea FC,2005-01-06,Attack,Centre-Forward,,,,200000.0,0.0,0.0,0.0,0.0,0.0,0.0
827435,Max Merrick,Chelsea FC,2005-11-10,Goalkeeper,Goalkeeper,,,2.0,,0.0,0.0,0.0,0.0,0.0,0.0
829299,Max Weiß,Burnley FC,2004-06-15,Goalkeeper,Goalkeeper,right,190.0,0.0,4000000.0,3.0,0.0,0.0,270.0,0.0,0.0
837334,Joel Colwill,Cardiff City,2004-10-27,Midfield,Attacking Midfield,right,178.0,2.0,900000.0,0.0,0.0,0.0,0.0,0.0,0.0
838367,James Storer,Wolverhampton Wanderers,2004-10-04,Goalkeeper,Goalkeeper,,196.0,,,0.0,0.0,0.0,0.0,0.0,0.0
840640,Sammy Braybrooke,Leicester City,2004-03-12,Midfield,Defensive Midfield,right,178.0,5.0,250000.0,0.0,0.0,0.0,0.0,0.0,0.0
842341,Maxime Estève,Burnley FC,2002-05-26,Defender,Centre-Back,left,193.0,1.0,28000000.0,31.0,0.0,0.0,2675.0,1.0,0.0
843595,Max Alleyne,Manchester City,2005-07-21,Defender,Centre-Back,both,185.0,5.0,8000000.0,2.0,0.0,0.0,135.0,0.0,0.0
843597,Louie Copley,Arsenal FC,2006-10-20,Midfield,Central Midfield,right,184.0,,,0.0,0.0,0.0,0.0,0.0,0.0
845289,James McConnell,Liverpool FC,2004-09-13,Midfield,Defensive Midfield,right,180.0,2.0,2000000.0,0.0,0.0,0.0,0.0,0.0,0.0
845321,Kaelan Casey,West Ham United,2004-10-28,Defender,Centre-Back,right,185.0,8.0,1000000.0,0.0,0.0,0.0,0.0,0.0,0.0
845717,Regan Clayton,West Ham United,2004-11-11,Defender,Left-Back,left,,,150000.0,0.0,0.0,0.0,0.0,0.0,0.0
845723,Finley Munroe,Aston Villa,2005-02-08,Defender,Centre-Back,left,,,100000.0,0.0,0.0,0.0,0.0,0.0,0.0
845809,Lewis Orford,West Ham United,2006-02-18,Midfield,Central Midfield,right,182.0,3.0,300000.0,0.0,0.0,0.0,0.0,0.0,0.0
847579,Isaac Heath,Everton FC,2004-10-28,Attack,Left Winger,right,173.0,,,0.0,0.0,0.0,0.0,0.0,0.0
848437,Harrison Dudziak,Arsenal FC,2006-01-09,Midfield,Attacking Midfield,right,178.0,,,0.0,0.0,0.0,0.0,0.0,0.0
848439,Finlay Herrick,West Ham United,2006-01-18,Goalkeeper,Goalkeeper,,187.0,2.0,,0.0,0.0,0.0,0.0,0.0,0.0
848509,Jackson Tchatchoua,Wolverhampton Wanderers,2001-09-14,Defender,Right-Back,right,180.0,15.0,12000000.0,28.0,0.0,1.0,1706.0,3.0,0.0
848753,Tommy Setford,Arsenal FC,2006-03-13,Goalkeeper,Goalkeeper,right,185.0,3.0,500000.0,0.0,0.0,0.0,0.0,0.0,0.0
852517,Shaqai Forde,Watford FC,2004-05-05,Attack,Centre-Forward,right,174.0,,,0.0,0.0,0.0,0.0,0.0,0.0
854689,Jack Hinchy,Brighton & Hove Albion,2003-01-30,Midfield,Central Midfield,,,,150000.0,0.0,0.0,0.0,0.0,0.0,0.0
854708,Ferdinand Okoh,AFC Bournemouth,2004-06-03,Midfield,Attacking Midfield,,,,100000.0,0.0,0.0,0.0,0.0,0.0,0.0
854721,Ben Winterburn,AFC Bournemouth,2004-09-04,Midfield,Defensive Midfield,right,185.0,,450000.0,0.0,0.0,0.0,0.0,0.0,0.0
854722,Michael Dacosta González,AFC Bournemouth,2005-03-05,Attack,Right Winger,left,186.0,,,0.0,0.0,0.0,0.0,0.0,0.0
854930,Jacob Slater,Brighton & Hove Albion,2004-10-05,Defender,Left-Back,left,182.0,7.0,175000.0,0.0,0.0,0.0,0.0,0.0,0.0
855087,Chris Francis,AFC Bournemouth,2002-11-15,Defender,Centre-Back,,,,100000.0,0.0,0.0,0.0,0.0,0.0,0.0
855256,Alex Scott,AFC Bournemouth,2003-08-21,Midfield,Central Midfield,right,178.0,0.0,50000000.0,33.0,2.0,1.0,2590.0,4.0,0.0
855282,Aaron Bott,Nottingham Forest,2004-09-06,Goalkeeper,Goalkeeper,right,188.0,,,0.0,0.0,0.0,0.0,0.0,0.0
855890,Jenson Metcalfe,Everton FC,2004-09-06,Midfield,Central Midfield,right,183.0,,200000.0,0.0,0.0,0.0,0.0,0.0,0.0
856479,Roman Dixon,Everton FC,2004-12-26,Defender,Right-Back,right,175.0,2.0,150000.0,0.0,0.0,0.0,0.0,0.0,0.0
857792,Ted Curd,Chelsea FC,2006-02-14,Goalkeeper,Goalkeeper,right,190.0,0.0,,0.0,0.0,0.0,0.0,0.0,0.0
858191,Louis Jackson,Manchester United,2005-09-18,Defender,Centre-Back,,,,,0.0,0.0,0.0,0.0,0.0,0.0
859951,Ashley Phillips,Tottenham Hotspur,2005-06-26,Defender,Centre-Back,right,196.0,5.0,7000000.0,0.0,0.0,0.0,0.0,0.0,0.0
860078,Kaden Rodney,Crystal Palace,2004-10-07,Midfield,Defensive Midfield,right,189.0,3.0,200000.0,1.0,0.0,0.0,3.0,0.0,0.0
861577,Tommy Pilling,Liverpool FC,2004-09-14,Midfield,Central Midfield,,,,,0.0,0.0,0.0,0.0,0.0,0.0
862109,Danny Imray,Crystal Palace,2003-07-27,Defender,Right-Back,right,178.0,,,0.0,0.0,0.0,0.0,0.0,0.0
863741,Nathan Fraser,Wolverhampton Wanderers,2005-02-22,Attack,Centre-Forward,right,188.0,4.0,600000.0,0.0,0.0,0.0,0.0,0.0,0.0
864121,Abdul Fatawu,Leicester City,2004-03-08,Attack,Right Winger,left,177.0,29.0,20000000.0,0.0,0.0,0.0,0.0,0.0,0.0
864480,Kami Doyle,Southampton FC,2005-08-01,Midfield,Attacking Midfield,,,,,0.0,0.0,0.0,0.0,0.0,0.0
864496,Dom Ballard,Southampton FC,2005-04-01,Attack,Centre-Forward,,,,300000.0,0.0,0.0,0.0,0.0,0.0,0.0
864788,Habeeb Ogunneye,Manchester United,2005-11-12,Defender,Right-Back,right,175.0,3.0,75000.0,0.0,0.0,0.0,0.0,0.0,0.0
864799,Stefan Bajcetic,Liverpool FC,2004-10-22,Midfield,Defensive Midfield,right,185.0,5.0,4000000.0,0.0,0.0,0.0,0.0,0.0,0.0
865993,David Ozoh,Crystal Palace,2005-05-06,Midfield,Defensive Midfield,right,189.0,5.0,2200000.0,0.0,0.0,0.0,0.0,0.0,0.0
866246,Lucas Bergvall,Tottenham Hotspur,2006-02-02,Midfield,Central Midfield,right,187.0,14.0,35000000.0,19.0,0.0,2.0,767.0,2.0,0.0
866655,Tyler Dibling,Everton FC,2006-02-17,Attack,Right Winger,left,178.0,8.0,17000000.0,14.0,0.0,0.0,350.0,2.0,0.0
867688,Jack Hinshelwood,Brighton & Hove Albion,2005-04-11,Midfield,Defensive Midfield,right,182.0,11.0,28000000.0,24.0,4.0,4.0,1642.0,0.0,0.0
867700,Josh Duffus,Brighton & Hove Albion,2004-12-15,Midfield,Attacking Midfield,,,,500000.0,0.0,0.0,0.0,0.0,0.0,0.0
867706,Kobei Moore,Aston Villa,2004-11-30,Attack,Centre-Forward,,185.0,,,0.0,0.0,0.0,0.0,0.0,0.0
867710,Tom Wilson-Brown,Leicester City,2004-10-05,Defender,Centre-Back,left,194.0,,,0.0,0.0,0.0,0.0,0.0,0.0
867711,Will Alves,Leicester City,2005-05-04,Midfield,Attacking Midfield,right,179.0,3.0,,0.0,0.0,0.0,0.0,0.0,0.0
868920,Richard Olise,Chelsea FC,2004-09-09,Defender,Right-Back,right,173.0,1.0,,0.0,0.0,0.0,0.0,0.0,0.0
871837,Bradley Ibrahim,Arsenal FC,2004-10-21,Midfield,Defensive Midfield,,185.0,,400000.0,0.0,0.0,0.0,0.0,0.0,0.0
874066,Oliver Arblaster,Sheffield United,2004-01-08,Midfield,Central Midfield,right,180.0,,450000.0,0.0,0.0,0.0,0.0,0.0,0.0
874080,Mason Burstow,Chelsea FC,2003-08-04,Attack,Centre-Forward,right,187.0,,1800000.0,0.0,0.0,0.0,0.0,0.0,0.0
874538,Ryan Trevitt,Brentford FC,2003-03-12,Midfield,Central Midfield,right,170.0,,275000.0,0.0,0.0,0.0,0.0,0.0,0.0
874902,Travis Patterson,Aston Villa,2005-10-06,Defender,Left-Back,left,178.0,2.0,,0.0,0.0,0.0,0.0,0.0,0.0
875235,Seán Grehan,Crystal Palace,2004-01-08,Defender,Centre-Back,right,,,150000.0,0.0,0.0,0.0,0.0,0.0,0.0
875929,Josh Feeney,Aston Villa,2005-05-06,Defender,Centre-Back,right,196.0,,500000.0,0.0,0.0,0.0,0.0,0.0,0.0
876631,Habib Diarra,Sunderland AFC,2004-01-03,Midfield,Central Midfield,right,178.0,24.0,35000000.0,16.0,2.0,2.0,1062.0,5.0,0.0
878150,Amario Cozier-Duberry,Brighton & Hove Albion,2005-05-29,Attack,Right Winger,left,170.0,3.0,5000000.0,0.0,0.0,0.0,0.0,0.0,0.0
878151,Josh Robinson,Arsenal FC,2004-12-20,Defender,Right-Back,right,,1.0,,0.0,0.0,0.0,0.0,0.0,0.0
878160,Reuell Walters,Arsenal FC,2004-12-16,Defender,Right-Back,right,186.0,,4000000.0,0.0,0.0,0.0,0.0,0.0,0.0
879766,Adler Nascimento,Crystal Palace,2004-11-25,Attack,Left Winger,right,183.0,,,0.0,0.0,0.0,0.0,0.0,0.0
879768,Will Lankshear,Tottenham Hotspur,2005-04-20,Attack,Centre-Forward,right,189.0,0.0,,0.0,0.0,0.0,0.0,0.0,0.0
880245,Mateus Fernandes,West Ham United,2004-07-10,Midfield,Central Midfield,right,180.0,21.0,50000000.0,34.0,3.0,4.0,2883.0,6.0,0.0
882172,Rio Kyerematen,Tottenham Hotspur,2005-06-09,Midfield,Central Midfield,,,3.0,,0.0,0.0,0.0,0.0,0.0,0.0
883539,Charlie Crew,Leeds United,2006-06-15,Midfield,Defensive Midfield,right,185.0,9.0,150000.0,0.0,0.0,0.0,0.0,0.0,0.0
887433,Kadan Young,Aston Villa,2006-01-19,Attack,Left Winger,right,176.0,1.0,200000.0,0.0,0.0,0.0,0.0,0.0,0.0
888637,Luca Gunter,Tottenham Hotspur,2005-03-23,Goalkeeper,Goalkeeper,,,0.0,,0.0,0.0,0.0,0.0,0.0,0.0
888639,Ethan Wheatley,Manchester United,2006-01-20,Attack,Centre-Forward,,187.0,3.0,250000.0,0.0,0.0,0.0,0.0,0.0,0.0
890721,Myles Lewis-Skelly,Arsenal FC,2006-09-26,Defender,Left-Back,left,178.0,2.0,45000000.0,17.0,0.0,0.0,632.0,2.0,0.0
892160,Luka Vuskovic,Tottenham Hotspur,2007-02-24,Defender,Centre-Back,right,193.0,6.0,60000000.0,0.0,0.0,0.0,0.0,0.0,0.0
900601,Alex Murphy,Newcastle United,2004-06-25,Defender,Left-Back,left,188.0,0.0,1500000.0,2.0,0.0,0.0,7.0,0.0,0.0
904802,Jorrel Hato,Chelsea FC,2006-03-07,Defender,Left-Back,left,182.0,9.0,40000000.0,20.0,0.0,0.0,1077.0,5.0,0.0
906214,Sam Rak-Sakyi,Chelsea FC,2005-03-27,Midfield,Defensive Midfield,,,2.0,600000.0,0.0,0.0,0.0,0.0,0.0,0.0
906891,James Debayo,Leeds United,2005-07-11,Defender,Centre-Back,,,,,0.0,0.0,0.0,0.0,0.0,0.0
907215,George Abbott,Tottenham Hotspur,2005-08-17,Midfield,Defensive Midfield,right,175.0,,,0.0,0.0,0.0,0.0,0.0,0.0
907218,Riley Owen,Brentford FC,2005-08-24,Midfield,Central Midfield,,,,,0.0,0.0,0.0,0.0,0.0,0.0
907219,Axel Piesold,Luton Town,2005-03-31,Midfield,Central Midfield,left,,,150000.0,0.0,0.0,0.0,0.0,0.0,0.0
908798,Matthew Whittingham,Wolverhampton Wanderers,2004-10-21,Midfield,Central Midfield,left,,,150000.0,0.0,0.0,0.0,0.0,0.0,0.0
910905,Mamadou Sarr,Chelsea FC,2005-08-29,Defender,Centre-Back,right,194.0,8.0,22000000.0,3.0,0.0,0.0,101.0,0.0,0.0
911424,Tyler Fredricson,Manchester United,2005-02-23,Defender,Centre-Back,right,188.0,2.0,3000000.0,1.0,0.0,0.0,2.0,0.0,0.0
911736,Sverre Nypan,Manchester City,2006-12-19,Midfield,Central Midfield,both,182.0,13.0,13000000.0,0.0,0.0,0.0,0.0,0.0,0.0
912081,Jun-ho Bae,Stoke City,2003-08-21,Midfield,Attacking Midfield,right,180.0,13.0,4000000.0,0.0,0.0,0.0,0.0,0.0,0.0
913214,Noel Atom,Brighton & Hove Albion,2005-01-05,Defender,Centre-Back,left,,,,0.0,0.0,0.0,0.0,0.0,0.0
914269,Nehemiah Oriola,Brighton & Hove Albion,2007-06-11,Attack,Left Winger,,,,,1.0,0.0,0.0,1.0,0.0,0.0
919438,True Grant,Manchester City,2005-11-02,Goalkeeper,Goalkeeper,,,,500000.0,0.0,0.0,0.0,0.0,0.0,0.0
920005,Jackson Izquierdo,Crystal Palace,2004-10-15,Goalkeeper,Goalkeeper,,,,,0.0,0.0,0.0,0.0,0.0,0.0
921513,Joe Gardner,Nottingham Forest,2005-06-06,Attack,Right Winger,right,,,150000.0,0.0,0.0,0.0,0.0,0.0,0.0
921662,Charlie Tasker,Brighton & Hove Albion,2006-02-24,Defender,Right-Back,,,,200000.0,0.0,0.0,0.0,0.0,0.0,0.0
921992,Charlie Robinson,Fulham FC,2004-09-19,Defender,Centre-Back,,,,150000.0,0.0,0.0,0.0,0.0,0.0,0.0
922461,Wellity Lucky,Liverpool FC,2006-01-12,Defender,Centre-Back,right,188.0,0.0,,0.0,0.0,0.0,0.0,0.0,0.0
922462,Lewis Koumas,Hull City,2005-09-19,Attack,Left Winger,right,182.0,12.0,4000000.0,0.0,0.0,0.0,0.0,0.0,0.0
922463,Ben Middlemas,Sunderland AFC,2004-12-13,Midfield,Central Midfield,right,182.0,,,0.0,0.0,0.0,0.0,0.0,0.0
922472,Somto Boniface,Ipswich Town,2006-03-11,Defender,Left-Back,left,,2.0,,0.0,0.0,0.0,0.0,0.0,0.0
922563,Oliver Scarles,West Ham United,2005-12-12,Defender,Left-Back,left,180.0,2.0,10000000.0,13.0,0.0,1.0,660.0,2.0,0.0
922693,Archie Gray,Tottenham Hotspur,2006-03-12,Midfield,Defensive Midfield,right,187.0,17.0,35000000.0,23.0,2.0,2.0,1409.0,5.0,0.0
922695,Martin Sherif,Everton FC,2006-06-10,Attack,Centre-Forward,left,193.0,4.0,,0.0,0.0,0.0,0.0,0.0,0.0
922769,Lewis Miley,Newcastle United,2006-05-01,Midfield,Central Midfield,right,189.0,5.0,25000000.0,20.0,1.0,4.0,1418.0,0.0,0.0
923831,Leny Yoro,Manchester United,2005-11-13,Defender,Centre-Back,right,190.0,10.0,50000000.0,29.0,0.0,1.0,1477.0,1.0,0.0
925092,Justin Hanks,Nottingham Forest,2004-09-01,Defender,Centre-Back,right,184.0,2.0,,0.0,0.0,0.0,0.0,0.0,0.0
925093,Jack Thompson,Nottingham Forest,2005-05-05,Defender,Centre-Back,right,181.0,0.0,,0.0,0.0,0.0,0.0,0.0,0.0
925105,Ben Perry,Nottingham Forest,2004-12-01,Midfield,Defensive Midfield,right,183.0,,125000.0,0.0,0.0,0.0,0.0,0.0,0.0
926135,Omari Kellyman,Chelsea FC,2005-09-15,Midfield,Attacking Midfield,left,191.0,0.0,1500000.0,0.0,0.0,0.0,0.0,0.0,0.0
926309,Shea Lacey,Manchester United,2007-04-14,Attack,Right Winger,left,167.0,2.0,,3.0,0.0,0.0,40.0,0.0,0.0
926952,Patrick Dorgu,Manchester United,2004-10-26,Attack,Left Winger,left,185.0,14.0,35000000.0,24.0,4.0,4.0,1265.0,4.0,0.0
927768,Lucas Pires,Burnley FC,2001-03-24,Defender,Left-Back,left,182.0,,4000000.0,20.0,0.0,0.0,1406.0,1.0,0.0
933017,Zach Abbott,Nottingham Forest,2006-05-13,Defender,Centre-Back,right,180.0,2.0,4000000.0,3.0,0.0,0.0,166.0,0.0,0.0
933018,Tom Watson,Brighton & Hove Albion,2006-04-08,Attack,Left Winger,right,190.0,1.0,7000000.0,6.0,0.0,0.0,56.0,1.0,0.0
933215,Ármin Pécsi,Liverpool FC,2005-02-24,Goalkeeper,Goalkeeper,right,190.0,1.0,,0.0,0.0,0.0,0.0,0.0,0.0
936237,Yu Hirakawa,Hull City,2001-01-03,Attack,Right Winger,right,172.0,1.0,1000000.0,0.0,0.0,0.0,0.0,0.0,0.0
936841,Kaiden Wilson,Chelsea FC,2005-09-02,Defender,Centre-Back,right,,,,0.0,0.0,0.0,0.0,0.0,0.0
936842,Michael Golding,Leicester City,2006-05-23,Midfield,Central Midfield,right,180.0,2.0,2000000.0,0.0,0.0,0.0,0.0,0.0,0.0
936867,Jimmy-Jay Morgan,Southampton FC,2006-01-21,Attack,Centre-Forward,,,,,0.0,0.0,0.0,0.0,0.0,0.0
936874,Tyrique George,Chelsea FC,2006-02-04,Attack,Left Winger,right,181.0,6.0,20000000.0,13.0,0.0,0.0,241.0,1.0,0.0
936901,Dominic Sadi,AFC Bournemouth,2003-09-02,Attack,Right Winger,right,174.0,,800000.0,0.0,0.0,0.0,0.0,0.0,0.0
937840,Harrison Jones,Sunderland AFC,2004-12-25,Midfield,Attacking Midfield,left,185.0,,150000.0,0.0,0.0,0.0,0.0,0.0,0.0
937941,Thierno Barry,Everton FC,2002-10-21,Attack,Centre-Forward,right,195.0,8.0,30000000.0,34.0,8.0,0.0,1818.0,3.0,0.0
938146,Adam Aznou,Everton FC,2006-06-02,Defender,Left-Back,left,178.0,2.0,6000000.0,0.0,0.0,0.0,0.0,0.0,0.0
938158,Marc Guiu,Chelsea FC,2006-01-04,Attack,Centre-Forward,right,187.0,2.0,12000000.0,8.0,0.0,1.0,253.0,1.0,0.0
939290,Jayden Danns,Liverpool FC,2006-01-16,Attack,Centre-Forward,right,183.0,1.0,800000.0,0.0,0.0,0.0,0.0,0.0,0.0
939615,Max Kinsey,AFC Bournemouth,2005-02-02,Defender,Centre-Back,right,184.0,,,0.0,0.0,0.0,0.0,0.0,0.0
940858,Leo Shahar,Newcastle United,2007-03-18,Defender,Right-Back,right,,7.0,,0.0,0.0,0.0,0.0,0.0,0.0
940915,Alexéi Rojas,Arsenal FC,2005-09-28,Goalkeeper,Goalkeeper,right,187.0,6.0,250000.0,0.0,0.0,0.0,0.0,0.0,0.0
943549,Mark O'Mahony,Brighton & Hove Albion,2005-01-14,Attack,Centre-Forward,right,182.0,15.0,450000.0,0.0,0.0,0.0,0.0,0.0,0.0
943560,Franco Umeh,Crystal Palace,2005-01-26,Attack,Right Winger,left,178.0,2.0,500000.0,0.0,0.0,0.0,0.0,0.0,0.0
944140,Trent Koné-Doherty,Liverpool FC,2006-06-30,Attack,Left Winger,right,175.0,6.0,600000.0,0.0,0.0,0.0,0.0,0.0,0.0
944551,Joe Taylor,Luton Town,2002-11-18,Attack,Centre-Forward,right,170.0,,350000.0,0.0,0.0,0.0,0.0,0.0,0.0
947407,Michael Laffey,Liverpool FC,2005-10-11,Midfield,Defensive Midfield,,,,,0.0,0.0,0.0,0.0,0.0,0.0
947411,Chris Rigg,Sunderland AFC,2007-06-18,Midfield,Attacking Midfield,left,177.0,15.0,25000000.0,16.0,1.0,1.0,764.0,1.0,0.0
948915,Murray Campbell,Burnley FC,2006-07-25,Defender,Centre-Back,,,8.0,,0.0,0.0,0.0,0.0,0.0,0.0
950091,Stefanos Tzimas,Brighton & Hove Albion,2006-01-06,Attack,Centre-Forward,both,186.0,9.0,18000000.0,8.0,1.0,1.0,109.0,0.0,0.0
953135,Callum Marshall,West Ham United,2004-11-28,Attack,Centre-Forward,left,172.0,0.0,2000000.0,2.0,0.0,0.0,58.0,0.0,0.0
953438,Keyrol Figueroa,Liverpool FC,2006-08-31,Attack,Centre-Forward,right,181.0,1.0,,0.0,0.0,0.0,0.0,0.0,0.0
953933,Jack Moorhouse,Manchester United,2005-11-29,Midfield,Central Midfield,both,184.0,5.0,100000.0,0.0,0.0,0.0,0.0,0.0,0.0
954104,Jayden Meghoma,Brentford FC,2006-06-28,Defender,Left-Back,left,176.0,3.0,2000000.0,0.0,0.0,0.0,0.0,0.0,0.0
954105,Jamaldeen Jimoh-Aloba,Aston Villa,2006-10-02,Midfield,Attacking Midfield,right,188.0,3.0,300000.0,1.0,0.0,0.0,8.0,0.0,0.0
955357,Junior Kroupi,AFC Bournemouth,2006-06-23,Attack,Centre-Forward,right,179.0,5.0,70000000.0,30.0,13.0,0.0,1671.0,5.0,0.0
956920,Nestory Irankunda,Watford FC,2006-02-09,Attack,Right Winger,right,175.0,17.0,8000000.0,0.0,0.0,0.0,0.0,0.0,0.0
961833,Jaden Heskey,Manchester City,2005-12-17,Midfield,Central Midfield,left,180.0,,,0.0,0.0,0.0,0.0,0.0,0.0
963879,Archie Harris,AFC Bournemouth,2004-12-27,Defender,Left-Back,left,,5.0,100000.0,0.0,0.0,0.0,0.0,0.0,0.0
964554,Josh Nichols,Arsenal FC,2006-07-26,Defender,Right-Back,,,,,0.0,0.0,0.0,0.0,0.0,0.0
964561,Ismeal Kabia,Arsenal FC,2005-12-10,Attack,Right Winger,right,175.0,,75000.0,0.0,0.0,0.0,0.0,0.0,0.0
964690,Jayce Fitzgerald,Manchester United,2007-05-09,Midfield,Central Midfield,right,,4.0,,0.0,0.0,0.0,0.0,0.0,0.0
965940,Zack Nelson,Luton Town,2005-04-21,Midfield,Attacking Midfield,,,,100000.0,0.0,0.0,0.0,0.0,0.0,0.0
965954,Jake Burger,Luton Town,2005-07-06,Missing,,,,,100000.0,0.0,0.0,0.0,0.0,0.0,0.0
965971,Tyrese Hall,Tottenham Hotspur,2005-09-04,Midfield,Central Midfield,,,,,0.0,0.0,0.0,0.0,0.0,0.0
966671,Iwan Morgan,Brentford FC,2006-01-29,Attack,Centre-Forward,,181.0,5.0,,0.0,0.0,0.0,0.0,0.0,0.0
967318,Billy Blacker,Sheffield United,2006-05-25,Attack,Left Winger,,,,100000.0,0.0,0.0,0.0,0.0,0.0,0.0
967319,Romain Esse,Crystal Palace,2005-05-13,Attack,Right Winger,left,178.0,3.0,10000000.0,3.0,0.0,0.0,16.0,0.0,0.0
967340,Owen Hampson,Sheffield United,2004-11-17,Midfield,Central Midfield,,,,,0.0,0.0,0.0,0.0,0.0,0.0
967342,Joshua Stephenson,Brentford FC,2006-02-15,Defender,Centre-Back,left,,,,0.0,0.0,0.0,0.0,0.0,0.0
967346,Eliezer Mayenda,Sunderland AFC,2005-05-08,Attack,Centre-Forward,left,183.0,9.0,16000000.0,17.0,1.0,0.0,552.0,0.0,0.0
973085,Carlos Baleba,Brighton & Hove Albion,2004-01-03,Midfield,Defensive Midfield,left,179.0,16.0,55000000.0,27.0,0.0,0.0,1464.0,4.0,0.0
978668,Joe Knight,Brighton & Hove Albion,2005-09-21,Midfield,Central Midfield,,,,100000.0,1.0,0.0,0.0,1.0,0.0,0.0
980343,Sam Chambers,Leeds United,2007-08-18,Midfield,Attacking Midfield,right,176.0,6.0,,0.0,0.0,0.0,0.0,0.0,0.0
982097,Shumaira Mheuka,Chelsea FC,2007-10-20,Attack,Centre-Forward,right,185.0,23.0,800000.0,1.0,0.0,0.0,1.0,0.0,0.0
983248,Callan McKenna,AFC Bournemouth,2006-12-22,Goalkeeper,Goalkeeper,right,188.0,0.0,500000.0,0.0,0.0,0.0,0.0,0.0,0.0
983702,Jacob Wright,Manchester City,2005-09-21,Midfield,Defensive Midfield,right,178.0,6.0,2500000.0,0.0,0.0,0.0,0.0,0.0,0.0
983989,Facundo Buonanotte,Chelsea FC,2004-12-23,Midfield,Attacking Midfield,left,174.0,2.0,12000000.0,3.0,0.0,0.0,36.0,1.0,0.0
984096,Jair Cunha,Nottingham Forest,2005-03-07,Defender,Centre-Back,both,198.0,8.0,15000000.0,9.0,0.0,0.0,516.0,0.0,0.0
984593,Triston Rowe,Aston Villa,2006-10-02,Defender,Right-Back,right,183.0,1.0,500000.0,0.0,0.0,0.0,0.0,0.0,0.0
985535,Kian Noble,Manchester City,2007-02-26,Defender,Centre-Back,,,10.0,,0.0,0.0,0.0,0.0,0.0,0.0
985546,Callum Olusesi,Tottenham Hotspur,2007-03-11,Midfield,Central Midfield,right,187.0,1.0,500000.0,1.0,0.0,0.0,14.0,0.0,0.0
985691,Harrison Murray-Campbell,Chelsea FC,2006-08-04,Defender,Centre-Back,both,189.0,3.0,500000.0,0.0,0.0,0.0,0.0,0.0,0.0
985717,Taylan Harris,Luton Town,2005-10-30,Attack,Centre-Forward,,181.0,,,0.0,0.0,0.0,0.0,0.0,0.0
986298,Joachim Kayi Sanda,Southampton FC,2006-11-29,Defender,Centre-Back,right,186.0,6.0,1200000.0,0.0,0.0,0.0,0.0,0.0,0.0
987074,Dylan Lawlor,Cardiff City,2006-01-01,Defender,Centre-Back,right,188.0,6.0,1800000.0,0.0,0.0,0.0,0.0,0.0,0.0
989112,Veljko Milosavljevic,AFC Bournemouth,2007-06-28,Defender,Centre-Back,right,192.0,2.0,20000000.0,6.0,0.0,0.0,277.0,0.0,0.0
989472,Nico Lawrence,Southampton FC,2003-11-22,Defender,Centre-Back,,,,,0.0,0.0,0.0,0.0,0.0,0.0
990836,Romeo Akachukwu,Southampton FC,2006-07-28,Midfield,Attacking Midfield,right,,1.0,150000.0,0.0,0.0,0.0,0.0,0.0,0.0
990997,Jenson Jones,Sunderland AFC,2006-06-26,Defender,Right-Back,right,182.0,,,0.0,0.0,0.0,0.0,0.0,0.0
991800,Luís Guilherme,West Ham United,2006-02-09,Attack,Right Winger,left,175.0,6.0,12000000.0,4.0,0.0,0.0,92.0,0.0,0.0
994594,Keehan Willows,Nottingham Forest,2005-10-01,Goalkeeper,Goalkeeper,,,,,0.0,0.0,0.0,0.0,0.0,0.0
994604,Matai Akinmboni,AFC Bournemouth,2006-10-17,Defender,Centre-Back,left,188.0,2.0,1000000.0,0.0,0.0,0.0,0.0,0.0,0.0
995642,Ali Ahmed,Norwich City,2000-10-10,Midfield,Left Midfield,right,180.0,26.0,,0.0,0.0,0.0,0.0,0.0,0.0
995863,Archie Whitehall,Nottingham Forest,2006-05-21,Midfield,Central Midfield,,,,,0.0,0.0,0.0,0.0,0.0,0.0
996897,Diego Gómez,Brighton & Hove Albion,2003-03-27,Midfield,Central Midfield,right,183.0,28.0,25000000.0,29.0,5.0,1.0,2034.0,8.0,0.0
998101,Alex Tóth,AFC Bournemouth,2005-10-23,Midfield,Central Midfield,right,181.0,13.0,12000000.0,9.0,0.0,0.0,137.0,1.0,0.0
999743,James Rowswell,Tottenham Hotspur,2006-07-13,Defender,Centre-Back,right,188.0,1.0,,1.0,0.0,0.0,1.0,0.0,0.0
999745,Damola Ajayi,Tottenham Hotspur,2005-12-27,Attack,Right Winger,,176.0,,,0.0,0.0,0.0,0.0,0.0,0.0
1004203,Keiber Lamadrid,West Ham United,2003-11-18,Attack,Left Winger,left,177.0,2.0,1200000.0,0.0,0.0,0.0,0.0,0.0,0.0
1004679,Zach Marsh,Crystal Palace,2005-10-06,Attack,Centre-Forward,,,3.0,,0.0,0.0,0.0,0.0,0.0,0.0
1004708,Josh Acheampong,Chelsea FC,2006-05-05,Defender,Right-Back,right,190.0,6.0,25000000.0,16.0,1.0,0.0,573.0,1.0,0.0
1004709,Sam Proctor,Aston Villa,2006-12-21,Goalkeeper,Goalkeeper,,,1.0,,0.0,0.0,0.0,0.0,0.0,0.0
1005583,Alysson,Aston Villa,2006-05-05,Attack,Right Winger,left,184.0,3.0,10000000.0,3.0,0.0,0.0,47.0,0.0,0.0
1005649,Murillo,Nottingham Forest,2002-07-04,Defender,Centre-Back,left,180.0,1.0,50000000.0,21.0,1.0,0.0,1826.0,4.0,0.0
1005844,Brayden Clarke,Arsenal FC,2007-07-03,Defender,Centre-Back,right,,13.0,,0.0,0.0,0.0,0.0,0.0,0.0
1005855,Ronan Kpakio,Cardiff City,2007-05-25,Defender,Right-Back,right,178.0,4.0,1200000.0,0.0,0.0,0.0,0.0,0.0,0.0
1006411,Jaydee Canvot,Crystal Palace,2006-07-29,Defender,Centre-Back,right,188.0,6.0,28000000.0,20.0,0.0,0.0,1334.0,3.0,0.0
1007720,Tyler Bindon,Sheffield United,2005-01-27,Defender,Centre-Back,right,190.0,27.0,3500000.0,0.0,0.0,0.0,0.0,0.0,0.0
1008162,Conor McManus,Brentford FC,2004-06-16,Defender,Left-Back,,182.0,4.0,,0.0,0.0,0.0,0.0,0.0,0.0
1008553,Julian Eyestone,Brentford FC,2006-04-21,Goalkeeper,Goalkeeper,right,200.0,0.0,,0.0,0.0,0.0,0.0,0.0,0.0
1009658,Julio Soler,AFC Bournemouth,2005-02-16,Defender,Left-Back,left,175.0,18.0,8000000.0,2.0,0.0,0.0,33.0,0.0,0.0
1011131,Josh King,Fulham FC,2007-01-03,Midfield,Attacking Midfield,right,173.0,6.0,25000000.0,28.0,1.0,2.0,1029.0,4.0,0.0
1011132,Carter Pinnington,Liverpool FC,2007-02-21,Defender,Centre-Back,right,,4.0,,0.0,0.0,0.0,0.0,0.0,0.0
1011139,Jaden Dixon,Arsenal FC,2007-05-07,Defender,Centre-Back,right,188.0,5.0,,0.0,0.0,0.0,0.0,0.0,0.0
1011140,Jack Fletcher,Manchester United,2007-03-19,Midfield,Attacking Midfield,left,,4.0,1000000.0,3.0,0.0,0.0,107.0,0.0,0.0
1011659,Rhys Chadwick,Leeds United,2007-02-19,Midfield,Defensive Midfield,,,,,0.0,0.0,0.0,0.0,0.0,0.0
1011738,Harry Amass,Manchester United,2007-03-16,Defender,Left-Back,left,181.0,5.0,5000000.0,0.0,0.0,0.0,0.0,0.0,0.0
1012534,Yankuba Minteh,Brighton & Hove Albion,2004-07-22,Attack,Right Winger,left,180.0,20.0,45000000.0,30.0,3.0,3.0,2062.0,3.0,0.0
1012564,Rayan,AFC Bournemouth,2006-08-03,Attack,Right Winger,left,187.0,6.0,60000000.0,15.0,5.0,2.0,1120.0,1.0,0.0
1013690,Elyh Harrison,Manchester United,2006-02-19,Goalkeeper,Goalkeeper,,182.0,2.0,75000.0,0.0,0.0,0.0,0.0,0.0,0.0
1015619,Ahmed Abdullahi,Sunderland AFC,2004-06-19,Attack,Centre-Forward,,,7.0,800000.0,0.0,0.0,0.0,0.0,0.0,0.0
1016556,Ato Ampah,Chelsea FC,2006-04-22,Attack,Right Winger,right,178.0,2.0,,0.0,0.0,0.0,0.0,0.0,0.0
1018714,Coby Ebere,Everton FC,2005-09-17,Attack,Left Winger,right,187.0,,,0.0,0.0,0.0,0.0,0.0,0.0
1018716,Callum Bates,Everton FC,2005-09-28,Midfield,Central Midfield,,,,,0.0,0.0,0.0,0.0,0.0,0.0
1018830,Jack Whittaker,Sunderland AFC,2006-10-14,Midfield,Attacking Midfield,right,178.0,,,0.0,0.0,0.0,0.0,0.0,0.0
1018837,Jaydon Jones,Sunderland AFC,2006-11-03,Midfield,Central Midfield,right,175.0,,,0.0,0.0,0.0,0.0,0.0,0.0
1019169,Adam Harrison,Newcastle United,2006-10-20,Goalkeeper,Goalkeeper,,,,100000.0,0.0,0.0,0.0,0.0,0.0,0.0
1019170,Aidan Harris,Newcastle United,2006-12-16,Goalkeeper,Goalkeeper,left,,,200000.0,0.0,0.0,0.0,0.0,0.0,0.0
1023191,George Hemmings,Aston Villa,2007-04-03,Midfield,Central Midfield,both,,2.0,,2.0,0.0,0.0,25.0,0.0,0.0
1026524,Sam Amissah,Fulham FC,2007-03-07,Defender,Centre-Back,both,184.0,7.0,,0.0,0.0,0.0,0.0,0.0,0.0
1031256,Callum McFarlane,Fulham FC,2003-09-08,Attack,Centre-Forward,,185.0,,,0.0,0.0,0.0,0.0,0.0,0.0
1031258,Bradley Moonan,Everton FC,2006-02-13,Defender,Centre-Back,,,,,0.0,0.0,0.0,0.0,0.0,0.0
1031293,Ryan Oné,Sheffield United,2006-06-26,Attack,Centre-Forward,,,,200000.0,0.0,0.0,0.0,0.0,0.0,0.0
1033103,Charlie Gray,Manchester City,2006-02-22,Midfield,Defensive Midfield,,,0.0,,0.0,0.0,0.0,0.0,0.0,0.0
1038173,Ranel Young,Liverpool FC,2005-12-26,Attack,Right Winger,,,0.0,,0.0,0.0,0.0,0.0,0.0,0.0
1041600,James Wilson,Tottenham Hotspur,2007-03-06,Attack,Centre-Forward,right,184.0,7.0,1200000.0,0.0,0.0,0.0,0.0,0.0,0.0
1042886,Chido Obi,Manchester United,2007-11-29,Attack,Centre-Forward,right,188.0,4.0,5000000.0,0.0,0.0,0.0,0.0,0.0,0.0
1043634,Leon Chiwome,Wolverhampton Wanderers,2006-01-10,Attack,Centre-Forward,,186.0,2.0,500000.0,0.0,0.0,0.0,0.0,0.0,0.0
1044516,Ethan Sutherland,Wolverhampton Wanderers,2006-04-25,Midfield,Left Midfield,left,189.0,0.0,,0.0,0.0,0.0,0.0,0.0,0.0
1045118,George King,Crystal Palace,2007-03-20,Defender,Centre-Back,,,1.0,,0.0,0.0,0.0,0.0,0.0,0.0
1045121,Genesis Antwi,Chelsea FC,2007-05-11,Defender,Right-Back,right,189.0,3.0,350000.0,0.0,0.0,0.0,0.0,0.0,0.0
1045123,Trey Nyoni,Liverpool FC,2007-06-30,Midfield,Central Midfield,right,180.0,13.0,8000000.0,6.0,0.0,0.0,21.0,0.0,0.0
1045124,Jay Robinson,Southampton FC,2007-03-15,Attack,Left Winger,right,176.0,5.0,8000000.0,0.0,0.0,0.0,0.0,0.0,0.0
1047256,Asher Agbinone,Crystal Palace,2005-09-28,Attack,Left Winger,right,178.0,,75000.0,0.0,0.0,0.0,0.0,0.0,0.0
1047257,Rio Cardines,Crystal Palace,2006-07-01,Defender,Left-Back,left,175.0,11.0,300000.0,1.0,0.0,0.0,90.0,0.0,0.0
1047261,Caleb Kporha,Crystal Palace,2006-07-15,Defender,Right-Back,right,,5.0,1000000.0,0.0,0.0,0.0,0.0,0.0,0.0
1047280,Divine Mukasa,Manchester City,2007-08-22,Midfield,Attacking Midfield,left,180.0,11.0,,2.0,0.0,0.0,25.0,0.0,0.0
1047342,Maeson King,Tottenham Hotspur,2005-09-09,Defender,Centre-Back,,,,,0.0,0.0,0.0,0.0,0.0,0.0
1047345,Yusuf Akhamrich,Tottenham Hotspur,2005-09-05,Attack,Right Winger,left,183.0,0.0,,0.0,0.0,0.0,0.0,0.0,0.0
1047506,Jimmy Sinclair,Nottingham Forest,2006-08-11,Midfield,Right Midfield,right,177.0,,,0.0,0.0,0.0,0.0,0.0,0.0
1049020,Stephen Mfuni,Manchester City,2008-02-12,Defender,Centre-Back,left,193.0,17.0,,0.0,0.0,0.0,0.0,0.0,0.0
1049905,Aidan Borland,Aston Villa,2007-04-25,Midfield,Central Midfield,right,177.0,9.0,,0.0,0.0,0.0,0.0,0.0,0.0
1049911,Tyler Fletcher,Manchester United,2007-03-19,Midfield,Central Midfield,right,183.0,2.0,,2.0,0.0,0.0,17.0,0.0,0.0
1052871,Zyan Blake,Nottingham Forest,2007-11-13,Attack,Left Winger,,,0.0,,0.0,0.0,0.0,0.0,0.0,0.0
1052892,Jaydan Kamason,Manchester United,2006-12-08,Defender,Right-Back,right,178.0,2.0,,0.0,0.0,0.0,0.0,0.0,0.0
1055345,Kieran Morrison,Liverpool FC,2006-11-09,Attack,Right Winger,left,183.0,1.0,,0.0,0.0,0.0,0.0,0.0,0.0
1055382,Will Murdock,Manchester United,2007-05-26,Goalkeeper,Goalkeeper,,,1.0,,0.0,0.0,0.0,0.0,0.0,0.0
1056437,Reigan Heskey,Manchester City,2008-01-19,Attack,Left Winger,right,184.0,3.0,,0.0,0.0,0.0,0.0,0.0,0.0
1056993,Estêvão,Chelsea FC,2007-04-24,Attack,Right Winger,left,178.0,11.0,80000000.0,19.0,2.0,1.0,665.0,3.0,0.0
1060087,Charalampos Kostoulas,Brighton & Hove Albion,2007-05-30,Attack,Centre-Forward,right,185.0,4.0,25000000.0,21.0,2.0,1.0,353.0,2.0,0.0
1060740,Enso González,Wolverhampton Wanderers,2005-01-20,Attack,Left Winger,left,169.0,2.0,2500000.0,0.0,0.0,0.0,0.0,0.0,0.0
1063329,Andrés García,Aston Villa,2003-02-07,Defender,Right-Back,right,185.0,3.0,6000000.0,6.0,0.0,0.0,83.0,0.0,0.0
1065181,Alfie Cresswell,Leeds United,2007-07-15,Midfield,Central Midfield,,,,,0.0,0.0,0.0,0.0,0.0,0.0
1065227,Tom Edozie,Wolverhampton Wanderers,2006-05-18,Attack,Right Winger,right,178.0,,,3.0,1.0,0.0,12.0,0.0,0.0
1067168,Harry Howell,Brighton & Hove Albion,2008-04-20,Midfield,Attacking Midfield,left,,3.0,300000.0,3.0,0.0,0.0,93.0,0.0,0.0
1069512,Jonah Kusi-Asare,Fulham FC,2007-07-04,Attack,Centre-Forward,right,196.0,11.0,3000000.0,7.0,0.0,0.0,49.0,1.0,0.0
1071818,Sean Neave,Newcastle United,2007-05-27,Attack,Centre-Forward,,184.0,1.0,,1.0,0.0,0.0,13.0,0.0,0.0
1071819,Ollie Harrison,Chelsea FC,2007-08-07,Midfield,Defensive Midfield,,,11.0,300000.0,0.0,0.0,0.0,0.0,0.0,0.0
1072898,Jili Buyabu,Sheffield United,2003-08-09,Defender,Left-Back,both,182.0,,200000.0,0.0,0.0,0.0,0.0,0.0,0.0
1078156,Kaden Braithwaite,Manchester City,2008-02-08,Defender,Centre-Back,,194.0,3.0,,0.0,0.0,0.0,0.0,0.0,0.0
1078158,Seth Ridgeon,Fulham FC,2008-09-12,Midfield,Central Midfield,right,171.0,4.0,,0.0,0.0,0.0,0.0,0.0,0.0
1078159,Ife Ibrahim,Arsenal FC,2008-01-20,Midfield,Defensive Midfield,,,4.0,,0.0,0.0,0.0,0.0,0.0,0.0
1078163,Ayden Heaven,Manchester United,2006-09-22,Defender,Centre-Back,left,189.0,3.0,30000000.0,16.0,0.0,1.0,920.0,2.0,0.0
1079078,Timur Tuterov,Sunderland AFC,2005-06-11,Attack,Left Winger,right,183.0,5.0,,0.0,0.0,0.0,0.0,0.0,0.0
1080392,Fletcher Holman,Wolverhampton Wanderers,2004-10-12,Attack,Centre-Forward,,,,,0.0,0.0,0.0,0.0,0.0,0.0
1080903,Spike Brits,Manchester City,2007-06-24,Goalkeeper,Goalkeeper,right,,1.0,,0.0,0.0,0.0,0.0,0.0,0.0
1081155,Saheed Olagunju,Wolverhampton Wanderers,2007-01-07,Defender,Centre-Back,left,,3.0,,0.0,0.0,0.0,0.0,0.0,0.0
1081995,Mohamadou Kanté,West Ham United,2005-09-20,Midfield,Defensive Midfield,right,189.0,,1000000.0,11.0,0.0,0.0,66.0,2.0,0.0
1082283,Max Hudson,Manchester City,2007-09-20,Goalkeeper,Goalkeeper,right,191.0,2.0,,0.0,0.0,0.0,0.0,0.0,0.0
1083691,Luke Rawlings,Wolverhampton Wanderers,2008-04-04,Midfield,Defensive Midfield,,,5.0,,0.0,0.0,0.0,0.0,0.0,0.0
1085591,Bendito Mantato,Manchester United,2008-01-25,Attack,Right Winger,,180.0,5.0,400000.0,1.0,0.0,0.0,15.0,0.0,0.0
1086258,Souza,Tottenham Hotspur,2006-06-16,Defender,Left-Back,left,183.0,12.0,12000000.0,4.0,0.0,0.0,144.0,1.0,0.0
1086375,Gustavo Nunes,Brentford FC,2005-11-20,Attack,Left Winger,right,173.0,0.0,,0.0,0.0,0.0,0.0,0.0,0.0
1086619,Giovanni Leoni,Liverpool FC,2006-12-21,Defender,Centre-Back,right,196.0,7.0,25000000.0,0.0,0.0,0.0,0.0,0.0,0.0
1088817,Jayden Luker,Luton Town,2005-04-30,Midfield,Central Midfield,,,,100000.0,0.0,0.0,0.0,0.0,0.0,0.0
1088818,Joe Johnson,Luton Town,2006-02-21,Defender,Left-Back,left,180.0,,100000.0,0.0,0.0,0.0,0.0,0.0,0.0
1089802,Remy Rees-Dottin,AFC Bournemouth,2006-03-06,Attack,Centre-Forward,right,174.0,,300000.0,0.0,0.0,0.0,0.0,0.0,0.0
1091562,Romelle Donovan,Brentford FC,2006-11-30,Attack,Right Winger,left,171.0,1.0,3500000.0,4.0,0.0,1.0,38.0,0.0,0.0
1092671,Marley Leuluai,Burnley FC,2006-11-08,Midfield,Defensive Midfield,,181.0,4.0,,0.0,0.0,0.0,0.0,0.0,0.0
1095369,Khari Ranson,Arsenal FC,2007-09-13,Goalkeeper,Goalkeeper,,,3.0,,0.0,0.0,0.0,0.0,0.0,0.0
1099929,Tom Taylor,Ipswich Town,2006-02-21,Midfield,Attacking Midfield,,,,,0.0,0.0,0.0,0.0,0.0,0.0
1107726,Ezra Mayers,West Ham United,2007-01-16,Defender,Centre-Back,left,183.0,3.0,2000000.0,6.0,0.0,0.0,113.0,0.0,0.0
1107733,Harrison Armstrong,Everton FC,2007-01-19,Midfield,Central Midfield,right,185.0,8.0,12000000.0,12.0,0.0,0.0,527.0,0.0,0.0
1108049,Amara Nallo,Liverpool FC,2006-11-18,Defender,Centre-Back,both,186.0,1.0,1000000.0,0.0,0.0,0.0,0.0,0.0,0.0
1108464,Reggie Walsh,Chelsea FC,2008-10-20,Midfield,Attacking Midfield,right,176.0,3.0,500000.0,0.0,0.0,0.0,0.0,0.0,0.0
1108465,Malachi Hardy,Tottenham Hotspur,2008-03-10,Defender,Centre-Back,right,191.0,1.0,,0.0,0.0,0.0,0.0,0.0,0.0
1108466,Rio Ngumoha,Liverpool FC,2008-08-29,Attack,Left Winger,right,170.0,11.0,30000000.0,18.0,1.0,1.0,550.0,0.0,0.0
1108471,Landon Emenalo,Chelsea FC,2008-01-18,Defender,Left-Back,left,180.0,2.0,,0.0,0.0,0.0,0.0,0.0,0.0
1108475,Luca Williams-Barnett,Tottenham Hotspur,2008-10-01,Midfield,Attacking Midfield,both,179.0,3.0,,0.0,0.0,0.0,0.0,0.0,0.0
1108476,Harry Gray,Leeds United,2008-10-08,Attack,Centre-Forward,right,185.0,5.0,,0.0,0.0,0.0,0.0,0.0,0.0
1108667,Dovydas Sasnauskas,Sheffield United,2007-02-16,Defender,Centre-Back,right,,,,0.0,0.0,0.0,0.0,0.0,0.0
1108668,Airidas Golambeckis,West Ham United,2007-11-04,Defender,Centre-Back,,,9.0,,0.0,0.0,0.0,0.0,0.0,0.0
1111589,El Hadji Malick Diouf,West Ham United,2004-12-28,Defender,Left-Back,left,177.0,23.0,28000000.0,28.0,0.0,3.0,2351.0,6.0,0.0
1115502,Wesley Okoduwa,Wolverhampton Wanderers,2008-05-12,Defender,Right-Back,,,4.0,,0.0,0.0,0.0,0.0,0.0,0.0
1120418,Freddie Simmonds,Brighton & Hove Albion,2008-03-09,Defender,Centre-Back,right,189.0,2.0,,0.0,0.0,0.0,0.0,0.0,0.0
1122027,Jayden Moore,Southampton FC,2006-12-12,Defender,Centre-Back,right,193.0,,,0.0,0.0,0.0,0.0,0.0,0.0
1122308,Jayden Lienou,Leeds United,2008-04-08,Defender,Left-Back,left,,0.0,,0.0,0.0,0.0,0.0,0.0,0.0
1122668,Charlie Stevens,AFC Bournemouth,2007-05-31,Midfield,Defensive Midfield,,,8.0,,0.0,0.0,0.0,0.0,0.0,0.0
1122712,Braiden Graham,Everton FC,2007-11-07,Attack,Centre-Forward,right,175.0,0.0,,0.0,0.0,0.0,0.0,0.0,0.0
1130022,Kornel Misciur,Liverpool FC,2007-04-27,Goalkeeper,Goalkeeper,,,1.0,,0.0,0.0,0.0,0.0,0.0,0.0
1131945,TJ Carroll,Aston Villa,2007-03-22,Defender,Centre-Back,right,197.0,,,0.0,0.0,0.0,0.0,0.0,0.0
1131973,Jack Porter,Arsenal FC,2008-07-15,Goalkeeper,Goalkeeper,right,187.0,2.0,300000.0,0.0,0.0,0.0,0.0,0.0,0.0
1134717,Seung-soo Park,Newcastle United,2007-03-17,Attack,Left Winger,right,184.0,0.0,,0.0,0.0,0.0,0.0,0.0,0.0
1135364,Olabade Aluko,Leicester City,2006-11-30,Defender,Right-Back,right,182.0,2.0,,0.0,0.0,0.0,0.0,0.0,0.0
1135611,Jesse Derry,Chelsea FC,2007-06-30,Attack,Left Winger,,,15.0,,1.0,0.0,0.0,45.0,0.0,0.0
1138200,Joshua Ajala,West Ham United,2006-11-13,Attack,Centre-Forward,right,,2.0,,0.0,0.0,0.0,0.0,0.0,0.0
1141628,Yunus Konak,Brentford FC,2006-01-10,Midfield,Defensive Midfield,right,181.0,16.0,3500000.0,0.0,0.0,0.0,0.0,0.0,0.0
1144158,Benjamin Arthur,Brentford FC,2005-10-09,Defender,Centre-Back,right,192.0,1.0,100000.0,0.0,0.0,0.0,0.0,0.0,0.0
1145455,Nils Ramming,Brighton & Hove Albion,2007-03-28,Goalkeeper,Goalkeeper,both,194.0,0.0,500000.0,0.0,0.0,0.0,0.0,0.0,0.0
1146664,Sam Alabi,Newcastle United,2009-07-09,Midfield,Central Midfield,left,,6.0,,0.0,0.0,0.0,0.0,0.0,0.0
1147384,Ellis Clark,Burnley FC,2007-06-26,Midfield,Central Midfield,,,,,0.0,0.0,0.0,0.0,0.0,0.0
1160291,Josh Gracey,Wolverhampton Wanderers,2007-12-14,Goalkeeper,Goalkeeper,,196.0,7.0,,0.0,0.0,0.0,0.0,0.0,0.0
1165131,Kian McMahon-Brown,Burnley FC,2008-08-03,Attack,Right Winger,,175.0,0.0,,0.0,0.0,0.0,0.0,0.0,0.0
1170892,Finn Geragusyan,Sunderland AFC,2007-10-28,Attack,Centre-Forward,left,191.0,1.0,,0.0,0.0,0.0,0.0,0.0,0.0
1171764,Jake Evans,Leicester City,2008-08-21,Attack,Centre-Forward,left,175.0,2.0,,0.0,0.0,0.0,0.0,0.0,0.0
1172138,Malik Olayiwola,Everton FC,2009-01-08,Midfield,Central Midfield,,,4.0,,0.0,0.0,0.0,0.0,0.0,0.0
1172645,Emilio Ballard-Matthews,Wolverhampton Wanderers,2008-08-11,Attack,Left Winger,both,,,,0.0,0.0,0.0,0.0,0.0,0.0
1172646,Ben Casey,Crystal Palace,2008-02-04,Attack,Centre-Forward,,,2.0,,0.0,0.0,0.0,0.0,0.0,0.0
1178758,Malick Yalcouyé,Brighton & Hove Albion,2005-11-18,Midfield,Central Midfield,right,169.0,6.0,12000000.0,0.0,0.0,0.0,0.0,0.0,0.0
1180733,Ceadach O'Neill,Arsenal FC,2008-04-10,Attack,Centre-Forward,,,2.0,,0.0,0.0,0.0,0.0,0.0,0.0
1184840,Jim Thwaites,Manchester United,2007-12-20,Midfield,Defensive Midfield,right,,,,0.0,0.0,0.0,0.0,0.0,0.0
1184841,Godwill Kukonki,Manchester United,2008-02-06,Defender,Centre-Back,left,196.0,3.0,,0.0,0.0,0.0,0.0,0.0,0.0
1187629,Max Dowman,Arsenal FC,2009-12-31,Attack,Right Winger,left,183.0,10.0,30000000.0,4.0,1.0,0.0,126.0,0.0,0.0
1187640,Ryan McAidoo,Manchester City,2008-06-24,Attack,Right Winger,left,174.0,7.0,,0.0,0.0,0.0,0.0,0.0,0.0
1196272,Jun'ai Byfield,Tottenham Hotspur,2008-12-06,Defender,Centre-Back,,185.0,5.0,,1.0,0.0,0.0,1.0,0.0,0.0
1202361,Bradley Burrowes,Aston Villa,2008-03-04,Attack,Right Winger,right,169.0,2.0,2000000.0,0.0,0.0,0.0,0.0,0.0,0.0
1202376,Brandon Pouani,Burnley FC,2007-12-10,Attack,Left Winger,,,,,0.0,0.0,0.0,0.0,0.0,0.0
1203143,Dominic Dos Santos Martins,Luton Town,2005-10-13,Midfield,Defensive Midfield,,,,,0.0,0.0,0.0,0.0,0.0,0.0
1210923,Tyrone Samba,Manchester City,2007-12-31,Attack,Left Winger,,,,,0.0,0.0,0.0,0.0,0.0,0.0
1211262,Ollie Shield,Brentford FC,2006-09-25,Defender,Right-Back,,,,,0.0,0.0,0.0,0.0,0.0,0.0
1214634,Oliver Pimlott,Burnley FC,2007-04-07,Defender,Left-Back,,,,,0.0,0.0,0.0,0.0,0.0,0.0
1217886,Rhys Oakley,Aston Villa,2008-09-16,Goalkeeper,Goalkeeper,,,,,0.0,0.0,0.0,0.0,0.0,0.0
1225825,Christian Chigozie,Luton Town,2007-03-01,Defender,Centre-Back,,,,,0.0,0.0,0.0,0.0,0.0,0.0
1230661,Mateus Mané,Wolverhampton Wanderers,2007-09-16,Midfield,Attacking Midfield,right,175.0,2.0,20000000.0,27.0,3.0,2.0,1790.0,0.0,0.0
1237073,Lander Emery,Aston Villa,2003-03-29,Goalkeeper,Goalkeeper,,,,,0.0,0.0,0.0,0.0,0.0,0.0
1237740,Andre Harriman-Annous,Arsenal FC,2007-12-28,Attack,Centre-Forward,,181.0,2.0,,0.0,0.0,0.0,0.0,0.0,0.0
1245948,Jeremy Monga,Leicester City,2009-07-10,Attack,Left Winger,right,179.0,7.0,,0.0,0.0,0.0,0.0,0.0,0.0
1250269,Brando Bailey-Joseph,Arsenal FC,2008-10-02,Attack,Left Winger,,,2.0,,0.0,0.0,0.0,0.0,0.0,0.0
1255573,Ryan Kavuma-McQueen,Chelsea FC,2009-01-01,Attack,Right Winger,left,179.0,6.0,,0.0,0.0,0.0,0.0,0.0,0.0
1255575,Tynan Thompson,Tottenham Hotspur,2008-04-17,Attack,Left Winger,,187.0,7.0,,0.0,0.0,0.0,0.0,0.0,0.0
1263738,Charlie Holland,Chelsea FC,2009-07-03,Midfield,Defensive Midfield,,180.0,2.0,,0.0,0.0,0.0,0.0,0.0,0.0
1263739,Floyd Samba,Manchester City,2009-01-15,Midfield,Central Midfield,right,183.0,6.0,,0.0,0.0,0.0,0.0,0.0,0.0
1283997,Diego León,Manchester United,2007-04-03,Defender,Left-Back,left,177.0,1.0,4000000.0,0.0,0.0,0.0,0.0,0.0,0.0
1285021,Dean Benamar,Crystal Palace,2008-05-31,Defender,Left-Back,left,,1.0,,0.0,0.0,0.0,0.0,0.0,0.0
1287035,Mohamed Koné,Aston Villa,2007-07-03,Midfield,Central Midfield,,,5.0,,0.0,0.0,0.0,0.0,0.0,0.0
1294399,Marli Salmon,Arsenal FC,2009-08-29,Defender,Centre-Back,right,187.0,4.0,,0.0,0.0,0.0,0.0,0.0,0.0
1300041,Leon Routh,Aston Villa,2007-11-30,Defender,Centre-Back,,,2.0,,0.0,0.0,0.0,0.0,0.0,0.0
1303354,Tye Hall,Tottenham Hotspur,2007-10-01,Midfield,Central Midfield,right,183.0,,,0.0,0.0,0.0,0.0,0.0,0.0
1322090,Jocelin Ta Bi,Sunderland AFC,2005-02-09,Attack,Right Winger,left,175.0,3.0,2500000.0,1.0,0.0,0.0,39.0,0.0,0.0
1323654,Malcom Dacosta González,AFC Bournemouth,2008-04-17,Midfield,Defensive Midfield,,193.0,0.0,,0.0,0.0,0.0,0.0,0.0,0.0
1328146,Lamin Sillah,Nottingham Forest,2006-06-06,Attack,Centre-Forward,,,5.0,,0.0,0.0,0.0,0.0,0.0,0.0
1336100,Mathis Eboué,Chelsea FC,2009-02-27,Attack,Left Winger,,178.0,6.0,,0.0,0.0,0.0,0.0,0.0,0.0
1340428,Will Wright,Liverpool FC,2008-01-01,Attack,Centre-Forward,,190.0,,,0.0,0.0,0.0,0.0,0.0,0.0
1348941,Joél Drakes-Thomas,Crystal Palace,2009-06-09,Attack,Right Winger,right,180.0,6.0,,2.0,0.0,0.0,7.0,0.0,0.0
1352710,George Brierley,Burnley FC,2007-11-20,Midfield,Central Midfield,,,,,0.0,0.0,0.0,0.0,0.0,0.0
1370903,Jerome Abbey,Wolverhampton Wanderers,2009-09-16,Midfield,Defensive Midfield,,,2.0,,1.0,0.0,0.0,16.0,0.0,0.0
1407213,Luka Bentt,Brentford FC,2007-10-01,Midfield,Attacking Midfield,,184.0,9.0,,0.0,0.0,0.0,0.0,0.0,0.0
1414663,Mor Talla Ndiaye,Liverpool FC,2008-01-06,Defender,Centre-Back,left,,0.0,,0.0,0.0,0.0,0.0,0.0,0.0
